TCP,raw_name,suggested_match,score
A00456,Mater,MOTHER,72
A00456,Manſipilus,MANSIPULUS,90
A00456,Subſeruus,SUBSERVUS,88
A00456,Iuſtice,JUSTICE,85
A00456,Mahſipula,MANSIPULA,88
A00725,Stra,STRANGE,72
A00725,World,WORLDLY,83
A00725,Stran,STRANGE,83
A00725,Pend,PENDANT,72
A00725,Nin,NINNY,75
A00725,Sir Abra,SIR ABRAHAM,84
A00760,Brenn,BRENNUS,83
A00760,Merc,MERCURY,72
A00760,Nenn,NENNIUS,72
A00760,Laber,LABERIUS,76
A00760,Cassib,CASSIBELAN,75
A00760,Androg,ANDROGEUS,80
A00760,Belin,BELINUS,83
A00760,Roll,ROLLANO,72
A00760,Hiril,HIRILDAS,76
A00760,Crid,CRIDOUS,72
A00760,Guert,GUERTED,83
A00760,Brit,BRITAEL,72
A00760,Mandub,MANDUBRACE,75
A00960,Char,CHARLES,72
A00960,Eust,EUSTACE,72
A00960,Andr,ANDREW,80
A00960,Bris,BRISAC,80
A00960,Miram,MIRAMONT,76
A00960,Serv,SERVANT,72
A00962,Sat,SATYR,75
A00962,Old Shep,OLD SHEPHERD,80
A00962,Peri,PERIGOT,72
A00962,Cloe,CHLOE,88
A00962,Daph,DAPHNIS,72
A00962,Alex,ALEXIS,80
A00962,Clor,CLORIN,80
A00962,Then,THENOT,80
A00962,Amore,AMORET,90
A00962,Saty,SATYR,88
A00962,Satyre,SATYR,90
A00962,Satrye,SATYR,72
A00962,Satry,SATYR,80
A00962,Satire,SATYR,72
A00962,Preest,PRIEST,83
A00962,Glorin,CLORIN,83
A00962,Amor,AMORET,80
A00962,Perig,PERIGOT,83
A00962,Cl • Rin,CLORIN,83
A00966,Lurc,LURCHER,72
A00966,Mar,MARIA,75
A00966,Nur,NURSE,75
A00967,Serv,SERVANT,72
A00967,Sanch,SANCHIO,83
A00967,Alon,ALONZO,80
A00967,Alt,ALTEA,75
A00967,Per,PEREZ,75
A00967,Margar,MARGARITA,80
A00967,Sanc,SANCHIO,72
A00967,Old Wom •,OLD WOMAN,87
A00967,Old Wo,OLD WOMAN,80
A00967,Old. Wo,OLD WOMAN,80
A00967,Coachm,COACHMAN,85
A00968,Bawd,BAWDBER,72
A00968,Prot,POST,75
A00968,Prota,PROTALDI,76
A00968,Mart,MARTEL,80
A00968,Thier,THIERRY,83
A00968,Bawdb,BAWDBER,83
A00968,Protal,PROTALDI,85
A00968,Protaldye,PROTALDI,82
A00968,Ordilla,ORDELLA,85
A00968,Messen,MESSENGER,80
A00968,Ordel,ORDELLA,83
A00969,Emil,EMILIA,80
A00969,Emili,EMILIA,90
A00969,Ar •… Ite,ARCITE,83
A00969,Arci,ARCITE,80
A00969,Daugh,DAUGHTER,76
A00969,Pala,PALAMON,72
A00969,Wom,WOMAN,75
A00969,Pirith,PIRITHOUS,80
A00969,Hipol,HIPPOLYTA,71
A00969,Woo,WOOER,75
A00969,Doct,DOCTOR,80
A00969,Docter,DOCTOR,83
A00979,Olin,OLINDA,80
A00979,Cos,COSMA,75
A00979,Atych,ATYCHES,83
A00979,Alcip,ALCIPPUS,76
A00979,Scro,SCROCCA,72
A00979,Glau,GLAUCUS,72
A00979,Pa •,PAS,80
A00979,Olind,OLINDA,90
A00979,Dicae,DICAEUS,83
A01227.1,Phillis,PHYLLIS,85
A01227.1,Thrsis,THYRsISs,85
A01227.1,Thrysis,THYRsISs,80
A01227.1,Amynt,AMYNTAS,83
A01227.1,Chor,cHoRUS,80
A01227.1,Amyn,AMYNTAS,72
A01353,T.Collier,TOM COLLIER,90
A01353,T. Collier,TOM COLLIER,90
A01353,T. Colliar,TOM COLLIER,80
A01353,Ni. Newfang,NICHOL NEWFANGLE,76
A01353,T.Colier,TOM COLLIER,84
A01353,R.Roister,RAFE ROISTER,87
A01353,R. Roister,RAFE ROISTER,87
A01353,Phi.Flem,PHILIP FLEMING,72
A01353,Cutbart Cutpursse,CUTHBERT CUTPURSE,88
A01353,Pierse Pickpurs,PIERCE PICKPURSE,90
A01353,G.Fame,"GOOD FAME
GOD",80
A01353,Good Fa,"GOOD FAME
GOD",72
A01424,Sug,SUGAR,75
A01424,Toſt,TOAST,88
A01424,Beere,BEER,88
A01424,Win,WINE,85
A01424,Wat,WATER,75
A01424,Vvater,WATER,72
A01500,Chorvs,CHORUs,83
A01500,Phil,PHILIP,80
A01500,Caes,CAESAR,80
A01500,Chor,CHORUs,80
A01502,Eras,IRAS,75
A01502,Diom,DIOMEDE,72
A01502,Cleop,CLEOPATRA,71
A01502,Euph,EUPHRON,72
A01509,Ill Rep,ILL REPORT,82
A01509,Volup,VOLUPTAS,76
A01509,Sensua,SENSUALITAS,70
A01509,Serua,SERVA,80
A01509,Serua ▪,SERVA,80
A01509,Seruus,SERVUS,83
A01509,Tru Rep,TRUE REPORT,77
A01509,Iudex,JUDEX,80
A01509,Danyell,DANIEL,76
A01509,Daynell,DANIEL,76
A01509,True Rep,TRUE REPORT,84
A01513.1,Dal,DALIO,75
A01513.1,Liti,LITIO,88
A01513.2,Bai,BAILO,75
A01513.2,Chorvs,CHORUS,83
A01513.2,Chor,CHORUS,80
A01513.2,Iocast,JOCASTA,76
A01513.2,Eteocl,ETEOCLES,85
A01513.2,Cre,CREON,75
A01513.2,Sacer,SACERDOS,76
A01513.2,Man,MANTO,75
A01513.2,Antig,ANTIGONE,76
A01513.2,Oedi,OEDIPUS,72
A01513.2,Oedip,OEDIPUS,83
A01836,Amur,AMURATH,72
A01836,Amar,MARS,75
A01836,Jun,JUNO,85
A01836,C •… Pid,CUPID,80
A01836,Alexand,ALEXANDER,87
A01836,Euren,EURENOSES,71
A01836,Menth •…,MENTHE,90
A01836,Cobelitz,KOBELITZ,87
A01836,Lazar,LAZARUS,83
A01836,1. Trull,TRULLS,76
A01836,Alad,ALADIN,80
A01836,Hat,HATUM,75
A01836,2. Noble,NOBLES,76
A01836,Am •… Rath,AMURATH,85
A01836,1. Fiend,FIENDS,76
A01836,2. Fiend,FIENDS,76
A01836,3. Fiend,FIENDS,76
A01836,4. Fiend,FIENDS,76
A01839,Isaack,ISAAC,90
A01839,Mesith,MESITHES,85
A01839,Corcut,CORCUTUS,85
A01839,Achmet,ACHMETES,85
A01839,Isa,ISAAC,75
A01839,Musta,MUSTAPHA,76
A01839,Mahom,MAHOMATES,71
A01839,Triz,TRIZHAM,72
A01839,Corcu,CORCUTUS,76
A01839,Iaack,ISAAC,80
A01839,Mes,ZEMES,75
A01839,Zem,ZEMES,75
A01839,Arme,ARMENIA,72
A01839,Baiazet,BAJAZETH,80
A01839,Isac ▪,ISAAC,88
A01839,Isaacke,ISAAC,83
A01839,Messen,MESSENGER,80
A01839,Mesi,NEMESIS,72
A01839,Selymus,SBLIMUS,71
A01839,Cherseo,CHERSEOGLES,77
A01839,Achme,ACHMETES,76
A01839,Dwarffe,ADWARE,76
A01839,Monke,MONK,88
A01839,Dwarfe,ADWARE,83
A01839,Dwar,ADWARE,80
A01839,Asmehem,ASMEHEMIDES,77
A01839,Cherse,CHERSEOGLES,70
A01839,Achom,ACHOMATES,71
A01839,M • Sith,MESITHES,71
A01839,Follow,FOLLOWERS,80
A01839,Isaak •,ISAAC,80
A01839,Haman,HAMON,80
A01839,Cherseog,CHERSEOGLES,84
A01839,Chersee,CHERSEOGLES,77
A01839,Mustap,MUSTAPHA,85
A01839,Cherse •,CHERSEOGLES,70
A01839,Nemes,NEMESIS,83
A01840,Orest,ORESTES,83
A01840,Elect,ELECTRA,83
A01840,Stroph,sTROPHIUS,80
A01840,Pylad,PYLADES,83
A01840,Pyla,PYLADES,72
A01840,Nur,NURSE,75
A01840,Orst,ORESTES,72
A01853,Jul,JULIA,75
A01853,1 Sutor,SUITORS,71
A01853,2 Sutor,SUITORS,71
A01911,Iack,JACK,75
A01911,Wil,WILL,85
A01911,Tal,TALEs,75
A02091,Errato,ERATO,90
A02091,Ven,VENUS,75
A02091,Calli,CALLIOPE,76
A02091,Melpo,MELPOMENE,71
A02091,Alphon,ALPHONSUS,80
A02091,Cari,CARINUS,72
A02091,Beli,BELINUS,72
A02091,Laeli,LAELIUS,83
A02091,Iphigi,IPHIGINA,85
A02091,Fabi,FABIUS,80
A02091,Messen,MESSENGER,80
A02091,Med,MEDEA,75
A02091,Melpom,MELPOMENE,80
A02125,Marsillvs,MARSILIUS,77
A02125,Mandrecarde,MANDRICARD,85
A02125,Brandemart,BRANDIMART,90
A02125,Aquit,AQUITAINE,71
A02125,An,MAN,80
A02125,Med,MEDOR,75
A02125,Raf,RAFE,85
A02125,Names,NAMUS,80
A02125,Oger,OGIER,88
A02125,Mandr,MAN,75
A02125,Oliuer,OLIVER,83
A02125,Marsillus,MARSILIUS,88
A02127,Ermsbie,ERMsBy,76
A02127,Raphe,RALPH,80
A02127,Ermsbi •,ERMsBy,83
A02127,Raph,RALPH,88
A02127,Aph •,RALPH,75
A02127,M • Rgret,MARGARET,80
A02127,Henrie,HENRY,72
A02127,Con,BACON,75
A02127,B • Con,BACON,80
A02127,Bunga •,BUNGAY,90
A02127,Ungay,BUNGAY,90
A02127,Mil • S,MILES,80
A02127,Bungar,BUNGAY,83
A02127,Vander,VANDERMAST,75
A02127,Emper,KEEPER,72
A02127,Bung,BUNGAY,80
A02127,Hen,HENRY,75
A02127,Ca •• Ile,CASTILE,76
A02127,Mile •,MILES,88
A02127,Serlbie,SERLSBY,71
A02127,Serlsbie,SERLSBY,80
A02127,Serslby,SERLSBY,85
A02127,Lamb,LAMBERT,72
A02127,Margeret,MARGARET,87
A02127,Mites,MILES,80
A02127,Caſt • Le,CASTILE,85
A02127,Cast • Le,CASTILE,85
A02127,Raph •,RALPH,88
A02127,Bac,BACON,75
A02127,L • Mbert,LAMBERT,85
A02127,Keep,KEEPER,80
A02127,Ke • Per,KEEPER,83
A02127,Erms,ERMsBy,80
A02127,Deuill,DEVIL,72
A02127,Deuil,DEVIL,80
A02127,Ellinour,ELINOR,85
A02168,Ober,OBERON,80
A02168,Boh,BOHAN,75
A02168,Boha,BOHAN,88
A02168,Ateu,ATEUKIN,72
A02168,Andr,ANDREW,80
A02168,Sir Bar,SIR BARTRAM,77
A02168,Eust,EUSTACE,72
A02168,Count,CouNTESs,76
A02168,Mort,MoRTON,80
A02168,Dorot,DOROTHEA,76
A02168,S. Atten,ATTENDANTS,70
A02168,Iaques,JAQUES,83
A02168,Nauo,NANO,75
A02168,Nan,NANO,85
A02168,Ent. Boha,BOHAN,76
A02168,Hunts,HUNTSMEN,76
A02168,Obiro,OBERON,72
A02168,Merch,MERCHANT,76
A02168,Diuine,DIVINE,83
A02226.1,Alah,ALAHAM,80
A02226.1,Caine,CAIN,88
A02226.1,Euill Spirits,EVIL SPIRITS,88
A02226.1,Priest,PRIDE,72
A02226.1,Celic,CAELICA,83
A02226.2,Soliman,SULEIMAN,80
A02226.2,Rossa,ROSA,88
A02226.2,Beeglerbie,BEGLERBEY,84
A02226.2,Beglerbie,BEGLERBEY,88
A02226.2,Beglerb,BEGLERBEY,87
A02226.2,Ross,ROSA,75
A02226.2,Achm,ACHMAT,80
A02226.2,Rost,ROSA,75
A02226.2,Zang,ZANGER,80
A02284,Lin,LINCO,75
A02284,Montan,MONTANUS,85
A02284,Damet,DAMETAS,83
A02284,Tire,TIRENIO,72
A02658,Balcus Prolocutor,"PROLOCUTOR
JESUS CHRIST",74
A02732,Evphrosine,EUPHROSYNE,80
A02732,Zeale,ZEAL,88
A02738,Naturae Lex,NATURE,70
A02738,Christi Lex,CHRIST,70
A02738,Infidelitas,INFIDELITY,85
A02738,Idololatria,IDOLATRY,73
A02738,Idolotria,IDOLATRY,70
A02738,Infide • Itas,INFIDELITY,76
A02738,Hypocrisis,HYPOCRISY,84
A02738,Hypocrysis,HYPOCRISY,84
A02738,Fides Christiana,CHRISTIAN FAITH,77
A02906,Baleus Prolocutor,"PROLOCUTOR

GOD",83
A02906,Ioannes Baptista,JOHN BAPTIST,71
A03181,Iupyter,JUPITER,71
A03181,Mery Reporte,MERRY REPORT,91
A03181,Iupiter,JUPITER,85
A03181,Gentylman,GENTLEMAN,88
A03181,Marchaunt,MERCHANT,82
A03181,Marchaunte,MERCHANT,77
A03181,Water Myller,WATER-MILLER,91
A03181,Wynde Myller,WIND-MILLER,78
A03181,Gentylwoman,GENTLEWOMAN,90
A03181,Mery Reoorte,MERRY REPORT,83
A03189,Melea,MEDEA,80
A03189,Hercu,HERCULES,76
A03189,Meleag,MELEAGER,85
A03189,Ness,NESSUS,80
A03189,Venus,vENUuS,90
A03189,Ad •… Nis,ADONIS,83
A03189,Adon,ADONIS,80
A03189,Tela,TELAMON,72
A03189,Iason,JASON,80
A03189,Thes,THESEUS,72
A03189,Atlant,ATALANTA,85
A03189,Nest,NESTOR,80
A03189,Cast,CASTOR,80
A03189,Atre,ATREUS,80
A03189,Alth,ALTHEA,80
A03189,Atlan,ATALANTA,76
A03189,Laomed,LAOMEDON,85
A03189,Hesio,HESIONE,83
A03189,Anchis,ANCHISES,85
A03189,Telam,TELAMON,83
A03189,Oetes,AEETES,72
A03189,Absyr,ABSYRTUS,76
A03189,Lord,LORDS,88
A03189,Hom,HOMER,75
A03189,Anchi,ANCHISES,76
A03189,Phoe,PHOEBUS,72
A03189,Phoeb •…,PHOEBUS,83
A03189,Vulc,VULCAN,80
A03189,Nept,NEPTUNE,72
A03189,Merc,MERCURY,72
A03189,Phoeb,PHOEBUS,83
A03189,Iuno,JUNO,75
A03189,Lych,LYCHAS,80
A03189,Omph,OMPHALE,72
A03189,Lichas,LYCHAS,83
A03189,Her,HOMER,75
A03195,Winc,WINCOTT,72
A03195,Rob,ROBIN,75
A03195,Blan,BLANDA,80
A03195,Wino,WINCOTT,72
A03197,Scar,SCARLET,72
A03197,Vrsula,URSULA,83
A03197,Scarl,SCARLET,83
A03197,"All, All",MALL,85
A03197,Bowd,BowDLER,72
A03197,Barn,BARNARD,72
A03197,Franke,FRANK,90
A03197,Fran,FRANK,88
A03197,Anth,ANTHONY,72
A03197,Fra,FRANK,75
A03197,Franck,FRANK,90
A03197,Antho,ANTHONY,83
A03197,Flow,FLOWER,80
A03197,Mal,MALL,85
A03197,Ber,BERRY,75
A03197,Berr,BERRY,88
A03197,Fidd,FIDDLE,80
A03197,Mistris Flo,MISTRESS FLOWER,76
A03197,Mistresse Flo,MISTRESS FLOWER,85
A03197,Mistresse Flow,MISTRESS FLOWER,89
A03197,Mistris Fl,MISTRESS FLOWER,72
A03197,Francke,FRANK,83
A03197,1. Serieant,SERGEANTS,73
A03197,Master Flow,FLOWER,70
A03197,Mistris Flow,MISTRESS FLOWER,81
A03197,Office,OFFICERS,85
A03202,Godf,GODFREY,72
A03202,Char,CHARLES,72
A03202,Vill,VILLAIN,72
A03202,Irish,IRISHMEN,76
A03202,Clo,CLOWN,75
A03202,Tanc,TANCRED,72
A03202,Sop,SOPHY,75
A03202,Fren. Lad,FRENCH LADY,84
A03202,Evst. & Char,CHARLES,75
A03202,Fren Lad,FRENCH LADY,84
A03202,Fren. L,FRENCH LADY,70
A03205,Tytan,TITAN,80
A03205,Licaon,LYCAON,83
A03205,Uesta,VESTA,80
A03205,Nurs,NURSE,88
A03205,Vest,VESTA,88
A03205,Sibilla,sIBYLLA,85
A03205,Sibill,sIBYLLA,76
A03205,Iupiter,JUPITER,85
A03205,Lyca,LYCAON,80
A03205,Lycan,LYCAON,90
A03205,Calist,CALLISTO,85
A03205,Dian,DIANA,88
A03205,Atlan,ATLANTA,83
A03205,Hom,HOMER,75
A03205,Aege,AEGEON,80
A03205,Encel,ENCELADUS,71
A03205,Iuno,JUNO,75
A03205,Satu,SATURN,80
A03205,Tit,TITAN,75
A03205,Nept,NEPTUNE,72
A03205,Plut,PLUTO,88
A03205,Dan,DANA,85
A03205,Danae,DANA,88
A03205,Plu,PLUTO,75
A03205,Tro,TROGs,75
A03205,Troos,TROGs,80
A03208,Tame,THAME,88
A03208,Howa,HOWARD,80
A03208,Woman,MAN,75
A03208,D: Wend,WENDY,72
A03208,Phil,PHILIP,80
A03208,Pant,PANTLER,72
A03208,Phill,PHILIP,72
A03208,Brock,BROCKETT,76
A03217,Marchant,MERCHANT,87
A03217,Fact,FACTOR,80
A03217,Gresh,GRESHAM,83
A03217,Gres,GRESHAM,72
A03217,Honestie,HONESTY,80
A03217,Hobs,HOBSON,80
A03217,Work,WORKMEN,72
A03217,Worke,WORKMEN,83
A03217,1. Lord,LORDs,72
A03217,2. Lord,LORDs,72
A03217,Courtez,CouRTESAN,75
A03217,Omnes Fact,FACTORS,70
A03217,Curtes,CouRTESAN,80
A03217,Sheriffe,SHERIFFS,87
A03217,Lecest,LEICESTER,80
A03217,La: Ram,LADY RAMSAY,70
A03217,La. Ram,LADY RAMSAY,70
A03217,Huns,HUNSDON,72
A03240,Par,PARMA,75
A03240,Wife,MIDWIFE,72
A03240,Stro,sTROZA,80
A03240,Moth,MOTHER,80
A03240,Hunts,HUNTSMAN,76
A03240,Mil,MILAN,75
A03240,Florens,FLORENCE,80
A03240,Parm,PARMA,88
A03240,Lauret,LAURETTA,85
A03240,Lawret,LAURETTA,71
A03240,Millaine,MILAN,76
A03240,Floren,FLORENCE,85
A03240,Milla,MILAN,80
A03240,Flor,LORD,75
A03240,Laure,LAURETTA,76
A03244,Tarq,TARQUIN,72
A03244,Tarqu,TARQUIN,83
A03244,Lucr,LUCRECE,72
A03244,Lucre,LUCRECE,83
A03244,Valer,VALERIUS,76
A03244,Brut,BRUTUS,80
A03244,Tulli,TULLIA,90
A03244,Horat,HORATIUS,76
A03244,Collat,COLLATINE,80
A03244,Lucret,LUCRETIUS,80
A03244,Sceuol,sCAEVOLA,71
A03244,Sceuola,sCAEVOLA,80
A03244,Colat,COLLATINE,71
A03244,Arun,TARQUIN,72
A03244,Colla,COLLATINE,71
A03244,Porsen,PORSENNA,85
A03244,Maide,MAID,88
A03244,Secret,SECRETARY,80
A03244,P •… Rsenna,PORSENNA,87
A03244,Scenol,sCAEVOLA,71
A03248,Clint,CLINTON,83
A03248,Clin,CLINTON,72
A03248,Serv,sERVANT,72
A03248,Audl,AUDLEY,80
A03248,Cocke,COCK,88
A03248,Bonv,BONVILE,72
A03255,Boyster,BOISTER,85
A03255,Chart,CHARTLEY,76
A03255,Sencer,SENSER,83
A03255,Haring,HARINGFIELD,70
A03255,Ioseph,JOSEPH,83
A03255,Luc •…,LUCE,85
A03255,Chartl,CHARTLEY,85
A03255,Chartl •… Y,CHARTLEY,87
A03255,Wisewoman,WOMAN,71
A03255,Countr,COUNTRYMAN,75
A03255,Countrym,COUNTRYMAN,88
A03255,Taber,TABOR,80
A03255,Wom,WOMAN,75
A03255,Wis •…,WIVES,75
A03255,Sir Har,SIR HARRY,87
A03255,Tab,TABOR,75
A03255,Sir. Har,SIR HARRY,87
A03255,Sir Bonif,SIR BONIFACE,85
A03255,Sir Bon,SIR BONIFACE,73
A03255,Gratia,GRATIANA,85
A03255,Fath,FATHER,80
A03255,Gyles,GILES,80
A03256,Charles,CARTERS,71
A03256,Frank,FRANKFORD,71
A03256,Malbie,MALBY,72
A03256,Wend,WENDOLL,72
A03256,Rogero,ROGER,90
A03256,Iane,ANNE,75
A03256,Shrief,SHERIFF,76
A03256,Nicho,NICHOLAS,76
A03256,Mal,MALBY,75
A03256,Keep,KEEPER,80
A03256,Shaf,SHAFTON,72
A03256,Frank •,FRANKFORD,71
A03256,Mount,MOUNTFORD,71
A03256,San,SUSAN,75
A03256,Ienkin,JENKIN,83
A03405,Gram,GRAMMAR,72
A03405,Log,LOGIC,75
A03405,Musick,MUSIC,90
A03405,Astr,ASTRAEA,72
A03405,Hile,HILETUS,72
A03405,Bel,BELCH,75
A03405,Incle,INGLE,80
A03405,Boug,BOUGLE,80
A03405,Four,FURY,75
A03405,Vour,vOUCHER,72
A03405,Fur,FURY,85
A03405,Plen,PLENTY,80
A03405,Bach,BACCHUS,72
A03405,Plut,PLUTUS,80
A03405,Corne-B,CORN BUYER,70
A03405,Sell,SELLER,80
A03405,Gul,GULCH,75
A03405,Belsh,BELCH,80
A03405,Gutt,GUT,85
A03405,Bell,BELLULA,72
A03405,Clou,CLOUT,88
A03405,Gulsh,GULCH,80
A03405,Stew,STEWARD,72
A03405,Vsher,usHER,80
A03405,Port,POVERTY,72
A03405,Cres,CERES,88
A03405,Page,PAGES,88
A03405,Pag,PAGES,75
A03405,Clot,CLOUT,88
A03405,Guit,GUT,85
A03405,Champ,CHAMPERTY,71
A03405,Vouch,vOUCHER,83
A03405,Enuy,ENVY,75
A03405,Bellu,BELLULA,83
A03405,Horr,HORROR,80
A03405,Ruine,RUIN,88
A03405,Capt,CAPTAIN,72
A03405,Ofiicer,OPFICER,85
A03405,Clont,CLOUT,80
A03405,Famin,FAMINE,90
A03405,Bond,BONDAGE,72
A03405,Host,HOSTESs,72
A03424,Cuffe,CUFF,88
A03424,Ruffe,RUFE,88
A03496,Aſtron,ASTRONOMIA,75
A03496,Aſtrol,ASTROLOGIA,75
A03496,Arithm,ARITHMETICA,70
A03496,Muſica,MUSICIANS,80
A03496,Poet,POETA,88
A03496,Chol,CHOLER,80
A03496,Sang,SANGUIS,72
A03496,Hiſtor,HISTORIA,85
A03496,Ethic,ETHICUS,83
A03496,Rhetor,RHETORICA,80
A03496,Oecon,OECONOMA,76
A03496,Cauſidicus,CAvsipICUus,76
A03496,Cheir,CHOLER,72
A03496,Phyſ,PHYSICA,72
A03496,Medic,MEDICUS,83
A03496,Phyſiog,PHYSIOGNOMUS,73
A03496,Muſ,MAGUS,75
A03496,Muſic,MUSICIANS,71
A03496,Mag,MAGUS,75
A03496,Hiſto,HISTORIA,76
A03496,Histo,HISTORIA,76
A03496,Astrol,ASTROLOGIA,75
A03496,Rheto,RHETORICA,71
A03571.1,Little Iohn,LITTLE JOHN,90
A03571.1,Iack,JACK,75
A03804,Gorl,GORLOts,72
A03804,Fron,FRONIA,80
A03804,Mord,MORDRED,72
A03804,Cona,CONAN,88
A03804,Arth,ARTHUR,80
A03804,Hera,HERALD,80
A03804,Mord·,MORDRED,72
A03804,Gawi,GAWIN,88
A03804,Modr,MORDRED,72
A03804,Cado,CADOR,88
A03804,Howe,HOWELL,80
A03804,Herav,HERALD,72
A03804,Gild,GILDAS,80
A03804,Chor. •,CHORUS,80
A04027,The Yong Woman,YOUNG WOMAN,80
A04027,The Peroratour,PERORATOR,78
A04052,Helth,HEALTH,90
A04052,Welth,WEALTH,90
A04052,He • Th •,HEALTH,72
A04052,Liberti,LIBERTY,85
A04052,Hanc •,HANS,75
A04052,Lib • R • Y,LIBERTY,71
A04052,Remdi,REMEDY,72
A04052,Remedi,REMEDY,83
A04052,Remdy,REMEDY,90
A04052,Remd,REMEDY,80
A04052,Remd •,REMEDY,80
A04055,Impacient Pouerte,IMPATIENT POVERTY,82
A04055,Conſci,CONSCIENCE,75
A04055,Myſrule,MISRULE,85
A04206,Iacob,JACOB,80
A04206,Deborra,DEBORAH,85
A04206,Rebec • A,REBECCA,71
A04206,Iſaa •,ISAAC,88
A04539,Char,CHARLES,72
A04539,Bar,BRIAR,75
A04539,Caes,CAESAR,80
A04539,Gasp,GASPAR,80
A04539,Caraff,cARAFBA,76
A04539,Piccol,PICCOLOMINI,70
A04539,Mon,MONK,85
A04539,Caraf,cARAFBA,83
A04539,Ast,ASTOR,75
A04539,Asto,ASTOR,88
A04539,Fresco,FRESCOBALDI,70
A04539,Baer,BARBERS,72
A04539,Pag,PAGES,75
A04539,Caesa,CAESAR,90
A04539,Barb,BARBERS,72
A04539,Caer,CAESAR,80
A04539,Cara •,cARAFBA,72
A04539,Corn,cornETO,72
A04539,Cara ▪,cARAFBA,72
A04539,Var,VARCA,75
A04632.12,Mai,MAIA,85
A04632.26,Vvlcan,VULCAN,83
A04632.26,Mercvry,MERCURY,85
A04632.26,Natvre,NATURE,83
A04632.26,Promethevs,PROMETHEUS,90
A04632.27,Iron Age,TRON AGB,75
A04632.3,Asot,ASOTUS,80
A04632.3,Hed,HEDON,75
A04632.3,Mor,MORUS,75
A04632.3,Are,ARETE,75
A04632.3,Morvs,MORUS,80
A04632.3,Anai,ANAIDES,72
A04632.3,Hedo,HEDON,88
A04632.3,Mor •,MORUS,75
A04632.3,Hed ▪,HEDON,75
A04632.5,Nat,NATTA,75
A04632.5,Arr,VARRO,75
A04632.5,Seianvs,SEJANUS,71
A04632.5,Ner,NERO,85
A04632.5,Var,VARRO,75
A04632.5,Afe,AFER,85
A04632.5,Prae,PRAETOR,72
A04632.5,Cot,COTTA,75
A04632.5,Mac,MACRO,75
A04632.5,Lac,LACo,85
A04632.5,Mar,MACRO,75
A04632.5,Tri,TRIO,85
A04632.5,Praet,PRAETOR,83
A04632.6,Mos,MOSCA,75
A04632.6,Nan,NANO,85
A04632.6,Volt,VOLTORE,72
A04632.6,Corv,CORVINO,72
A04632.6,Nota,NOTARIO,72
A04633.1,Winw,WIN,85
A04633.1,Was,WASP,85
A04633.1,Cok,COKES,75
A04633.1,Over,OVERDO,80
A04633.1,Gra,GRACE,75
A04633.1,Tra,TRASH,75
A04633.1,Cos,COKES,75
A04633.1,Whi,WHIT,85
A04633.1,Whi ▪,WHIT,85
A04633.1,Ale,ALICE,75
A04633.1,Cok ▪,COKES,75
A04633.3,Sat,SATAN,75
A04633.3,Man,MANLY,75
A04636,Dol,DOLL,85
A04637.2,Fa • Rie,FAIRIES,76
A04640,Cat,CATO,85
A04640,Lec,LAECA,75
A04640,Pag,PAGES,75
A04640,Chorvs,cHORUS,83
A04640,Gal,GALLA,75
A04640,Caes,CAESAR,80
A04640,Catv,CATO,75
A04640,Cati,CATO,75
A04640,Cat •,CATO,85
A04643.1,Oceanvs,OCEANUS,85
A04644,Zephyrvs,ZEPHYRUS,87
A04644,Chorvs,CHLORIS,76
A04644,Architectvre,ARCHITECTURE,91
A04644,Scvlptvre,SCULPTURE,77
A04644,Jvno,JUNO,75
A04648,Mit,MITIS,75
A04648,Asp,ASPER,75
A04648,Sord,SORDIDO,72
A04648,Hind,HINE,75
A04648,Cine,CINEDO,80
A04648,Lady,LAD,85
A04648,Fung,FUNGOSO,72
A04648,Deli,DELIRO,80
A04648,Fall,FALLACE,72
A04648,Cloue,CLOVE,80
A04648,Oreng,ORANGE,72
A04648,Rust,RUSTICS,72
A04648,Music,MUSICIANS,71
A04648,Seruing,SERVINGMEN,70
A04648,Groome,GROOM,90
A04648,Draw,DRAWER,80
A04648,Georg,GEORGE,90
A04648,Geor,GEORGE,80
A04648,Const,CONSTABLE,71
A04652,Iohphiel,JOHPHIEL,87
A04652,Iophiel,JOHPHIEL,80
A04652,Protevs,PROTEUS,85
A04652,Portvnvs,PORTUNUS,75
A04655,Evphemvs,EUPHEMUS,75
A04655,Venvs,VENUS,80
A04656,Prothevs,PROTEUS,80
A04656,Portvnvs,PORTUNUS,75
A04656,Protevs,PROTEUS,85
A04656,Portevs,PROTEUS,71
A04656,Saylors,SAILoRs,85
A04658,Lov,LOVEL,75
A04658,Fra,FRANK,75
A04658,Nur,NURSE,75
A04658,Pec,PECK,85
A04658,Fl,FLY,80
A04658,Bur,BURST,75
A04881,Const,CONSTABLE,71
A04881,Tafa,TAFFETA,72
A04881,Bour,BOUCHER,72
A04881,Taff,TAFFETA,72
A04881,Das,DASH,85
A04881,Thro,THROAT,80
A04881,Bouch,BOUCHER,83
A04881,Bea,BEARD,75
A04881,Sir Ol,SIR OLIVER,75
A04881,Sir. Ol,SIR OLIVER,75
A04881,Adri,ADRIANA,72
A04881,Bear,BEARD,88
A04881,Draw,DRAWERS,72
A04888,Dunston,DUNSTAN,85
A04888,Per,PERIN,75
A04888,Dunst,DUNSTAN,83
A04888,Ethen,ETHENWALD,71
A04888,Philarch,PHILARCHUS,88
A04888,Brok,BROKER,80
A04888,Brok ▪,BROKER,80
A04888,Honestie,HONESTY,80
A04888,Hone,HONESTY,72
A04888,Knig,KNIGHT,80
A04888,Bail,BAILIFF,72
A04888,Squi,SQUIRE,80
A04888,Alfr,ALFRIDA,72
A04888,Piers Plow,PIERS PLOUGHMAN,72
A04888,Clark,CLERK,80
A04888,Ethen •,ETHENWALD,71
A04888,Neigh,KNIGHT,72
A04889,Menal,MENALCHUS,71
A04889,Lel,LELIO,75
A04889,Phil,PHILIP,80
A04889,Gnat,GNATHO,80
A04889,Seruio,sErRvVIO,71
A04889,Briſh,BRIsHIO,83
A04889,Fran,FRANCO,80
A04889,Senat,SENATORS,76
A04889,Mede,MEDESA,80
A04889,Forſa,SFORZA,72
A04889,Briſ,BRIsHIO,72
A04889,Orphi,ORPHINIO,76
A04889,Marchet,MARCHETTO,87
A04941,Spai,SPAIN,88
A04941,Hora,HORATIO,72
A04941,Medi,MEDINA,80
A04941,Casti,CASTILE,83
A04941,Roge,ROGERO,80
A04941,Ped,PEDRO,75
A04941,Alca,ALCARIO,72
A04941,Spa,SPAIN,75
A04941,Gene,GENERAL,72
A04941,Reueng,REVENGE,76
A04942,Reuenge,REVENGE,85
A04942,Hiero,HIERONIMO,71
A04942,Balt,BAZULTO,72
A04942,Villup,VILLUPPO,85
A04942,Ped,PEDRO,75
A04942,Hang,HANGMAN,72
A05206,Skalliger,sCALIGER,82
A05206,Nobl,NoOBLEs,72
A05206,Noble,NoOBLEs,83
A06150,Mercvry,MERCURY,85
A06177,Leucip,LEucIPPUus,75
A06177,Telam,TELAMON,83
A06177,Agener,AGENOR,83
A06177,Bach,BACHA,88
A06177,Bac,BACHA,75
A06177,Agen,AGENOR,80
A06177,Tela,TELAMON,72
A06177,Timan,TIMANTUS,76
A06177,Timant,TIMANTUS,85
A06177,Timanth,TIMANTUS,80
A06177,Baca,BACHA,88
A06177,Dorialus,poRIALUs,87
A06177,Dorial,poRIALUs,71
A06177,Cittizen,CITIZENS,87
A06177,Boye,BOY,85
A06177,Cittiz,CITIZENS,71
A06177,Vrania,URANIA,83
A06184,Licto,LICTORS,83
A06184,Cynna,CINNA,80
A06184,Sul,SULLA,75
A06184,Scilla,SULLA,72
A06184,1. Souldier,SOLDIERS,77
A06184,Gran,GRANIUS,72
A06184,Lucre,LUCRETIUS,71
A06184,Fauorinus,FAVORINUS,88
A06184,Fauorinu •,FAVORINUS,82
A06184,Pausa,PAUSANIUS,71
A06184,Lucius,LUCRETIUS,80
A06184,Slaue,SLAVE,80
A06184,Lector,LECTORIUS,80
A06184,Lepid,LEPIDUS,83
A06184,Pedr,PEDRO,88
A06184,Pausan,PAUSANIUS,80
A06184,Arcath,ARCATHIUS,80
A06184,Lucul,LUCULLUS,76
A06184,Albino,ALBINOVANUS,70
A06184,Messen,MESSENGER,80
A06184,Flacc,FLACCUS,83
A06184,Cornel,CORNELIA,85
A06184,Metell,METELLUS,85
A06184,Tudit,TUDITANUS,71
A06184,Lucret,LUCRETIUS,80
A06184,Flascus,FLACCUS,85
A06184,Flaceus,FLACCUS,85
A06184,Ssilla,SULLA,72
A06184,Curtall,curRTAL,85
A06184,Curt,curRTAL,72
A06185,Paphlag,PAPHLAGONIA,77
A06185,Rasin,RASNI,80
A06185,Rada,ADAM,75
A06185,Radag,RADAGON,83
A06185,Paphla,PAPHLAGONIA,70
A06185,Angell,ANGEL,90
A06185,Oseas,HOSEA,80
A06185,Aluida,ALVIDA,83
A06185,Aluid,ALVIDA,72
A06185,Remil,REMILIA,83
A06185,Remi,REMILIA,72
A06185,Ras,RASNI,75
A06185,Iudge,JUDGE,80
A06185,1. Ruffian,RUFFIANS,82
A06185,Sailer,SAILORS,76
A06185,Ose,HOSEA,75
A06185,Clesi,CLESIPHON,71
A06185,Thrasi,RASNI,72
A06185,An,MAN,80
A06185,1. Searcher,SEARCHERS,84
A06207,Arba,ARBACES,72
A06207,Ara,ARANE,75
A06207,Phil,PHILIP,80
A06207,Mardo,MARDONIUS,71
A06252,Rafe,RAFB,75
A06252,Cittiz,CITIZEN,76
A06252,Citiz,CITIZEN,83
A06252,Mich,MICHAEL,72
A06252,Humph,HUMPHREY,76
A06252,Iasper,JASPER,83
A06252,Tapst,TAPSTER,83
A06252,2. Boy,LITTLE BOY,75
A06252,Serge,SERGEANT,76
A06252,Greene,GREENGOOSE,75
A06252,1. Souldier,SOLDIERS,77
A06252,2. Souldier,SOLDIERS,77
A06252,Oldmer,SOLDIERS,71
A06289,Stra,STRATO,80
A06289,Cle,CLEON,75
A06289,Amin,AMINTOR,72
A06289,Amint,AMINTOR,83
A06289,Evad,EVADNE,80
A06289,Nig,NIGHT,75
A06289,Nigh,NIGHT,88
A06289,Nept,NEPTUNE,72
A06289,Cleo,CLEON,88
A06289,Amint •,AMINTOR,83
A06289,Strat,STRATO,90
A06289,Melant,MELANTIUS,80
A06289,Aspat,ASPATIA,83
A06333,Skin,SKINK,88
A06333,Rich,RICHARD,72
A06333,Iohn,JOHN,75
A06333,Kin,SKINK,75
A06333,Hen,HENRY,75
A06333,Joh,JOHN,85
A06333,Ski,SKINK,75
A06333,Redc,REDCAP,80
A06333,Blo,BLOCK,75
A06333,Bloc,BLOCK,88
A06333,Conſta,CONSTABLE,80
A06333,Port,PORTER,80
A06333,Quee,QUEEN,88
A06333,Que,QUEEN,75
A06343,Pharamont,PHARAMOND,88
A06343,Lad,LADY,85
A06480,Arte,ART,85
A06480,Mischie Uous Helpe,MISCHIEVOUS HELP,88
A06480,Mischi. Help,MISCHIEVOUS HELP,81
A06480,Sinne,SIN,75
A06480,Pre For Ple,PRESSED FOR PLEASURE,70
A06480,Gluttonie,GLUTTONY,82
A06480,Learning Vvith Mon,LEARNING WITH MONEY,86
A06480,Learning Vvith Mony,LEARNING WITH MONEY,89
A06480,Mon. Vvith Out Learnin,LEARNING WITH MONEY,75
A06480,Neit. Learn. Nor Mon,NEITHER MONEY NOR LEARNING,81
A06480,Al For Mon,ALL FOR MONEY,86
A06480,Gregorie Graceles,GREGORY GRACELESS,88
A06480,Moneyles,MONEY,76
A06480,Vvilliam Vvith The Li. Vviues,WILLIAM WITH THE TWO WIVES,70
A06480,Al For Mon ▪,ALL FOR MONEY,86
A06480,Mo. Croote,MOTHER CROOTE,81
A06480,Diues,DIVES,80
A06480,Charitie,CHARITY,80
A06583,Parme,PARMENIO,76
A06583,Hephest,HEPHAESTION,77
A06583,Grani,GRANICHUS,71
A06583,Melip,MELIPPUS,76
A06583,Arist,ARISTOTLE,71
A06583,Cleant,CLEANTHES,80
A06583,Anaxar,ANAXARCHUS,75
A06583,Craterus,CRATES,85
A06583,Clean,CLEANTHES,71
A06583,Apel,APELLES,72
A06583,Camp,CAMPAS,80
A06583,Psyl,PSYLLUS,72
A06583,Mil,MILO,85
A06583,Lays,LAIS,75
A06583,Milec,MILECTUS,76
A06589,Flosc,FLOSCULA,76
A06589,Dar,DARES,75
A06589,Endimion,ENDYMION,87
A06589,Scint,SCINTILLA,71
A06589,Cynth,CYNTHIA,83
A06589,Ma. Const,CONSTABLE,70
A06589,Floſc,FLOSCULA,76
A06589,Corsi,CORSITES,76
A06589,Giptes,GYPTES,83
A06619,Tyterus,TITYRUS,71
A06619,Gallathea,GALATEA,87
A06619,Nimph,NYMPH,80
A06619,Meleb,MELEBEUS,76
A06619,Philli,PHYLLIDA,71
A06619,Rob,ROBIN,75
A06619,Phillida,PHYLLIDA,87
A06619,Alcumist,ALCHEMIST,82
A06619,Pet,PETER,75
A06619,Astron,ASTRONOMER,75
A06619,Lurissa,LARISSA,85
A06619,Laris,LARISSA,83
A06619,Cup,CUPID,75
A06619,Haebe,HEBE,88
A06619,Melleb,MELEBEUS,71
A06621,Erist,ERISTUS,83
A06621,Sophro,SOPHRONIA,80
A06621,Del,DELLO,75
A06621,Mot,MOTTO,75
A06621,Sophr,SOPHRONIA,71
A06621,Amer,AMERULA,72
A06621,Mart,MARTIUS,72
A06621,1. Nymph,"NYMPH
MENALCAS",83
A06621,2. Nymph,"NYMPH
MENALCAS",83
A06621,3. Nymph,"NYMPH
MENALCAS",83
A06621,Cor,CORIN,75
A06621,Cel,CELIA,75
A06621,Dria,DRIAPON,72
A06621,Driap,DRIAPON,83
A06621,Hunts,HUNTSMAN,76
A06621,Sophron,SOPHRONIA,87
A06621,Petul,PETULUS,83
A06621,Dell,DELLO,88
A06621,Mott,MOTTO,88
A06622,Memp,MEMPHIO,72
A06622,Drom,DROMIO,80
A06622,Memph,MEMPHIO,83
A06622,Stel,STELLIO,72
A06622,Pris,PRISIUS,72
A06622,Liuia,LIVIA,80
A06622,Cand,CANDIUS,72
A06622,Ris,RISIO,75
A06622,Halfepenie,HALFPENNY,73
A06622,Halfepen,HALFPENNY,82
A06622,Halfe,HALFPENNY,71
A06622,Luc,LUCIO,75
A06622,Sile,SILENA,80
A06622,Maest,MAESTIUS,76
A06622,Memo,MEMPHIO,72
A06622,Syn,SYNIS,75
A06625,Trachi,TRACHINUS,80
A06625,Pandi,PANDYION,76
A06625,Trach,TRACHINUS,71
A06625,Criti,CRITICUS,76
A06625,Milet,MILETA,90
A06625,Isme,ISMENA,80
A06625,Cano,CANOPE,80
A06625,Euge,EUGENUA,72
A06625,Fauilla,FAVILLA,85
A06625,Sapho,SAPPHO,90
A06625,Sybilla,SIBYLLA,71
A06625,Lami,LAMIA,88
A06625,Sahpo,SAPPHO,72
A06625,Lamya,LAMIA,80
A06625,Vulc,VULCAN,80
A06629,Stosias,STESIAS,85
A06629,Iupiter,JUPITER,85
A06629,Uenus,VENUS,80
A06629,Gunoph,GUNOPHILUS,75
A06629,Pand,PANDORA,72
A06629,Gunophil,GUNOPHILUS,88
A06629,Learch,LEARCHUS,85
A06629,Stesi,STESIAS,83
A06629,Guno,JUNO,75
A06629,Pando,PANDORA,83
A06629,Iuno,JUNO,75
A06629,Stes,STESIAS,72
A06629,Learc,LEARCHUS,76
A06629,Mel,MELOS,75
A06629,Iphis,IPHICLES,76
A06742,Oreſt,ORESTES,83
A06742,Aſca,ASCANIO,72
A06742,Iuno,JUNO,75
A06742,Mop,MOPSO,75
A06742,Friſ,FRISCO,80
A06742,Eccho,ECHO,88
A06742,Ecch,ECHO,75
A06742,1. Muſe,MUSES,72
A06742,2. Muſe,MUSES,72
A06975,Pra,PRATE,75
A06975,Pre,EPIRE,75
A06975,Prat,PRATE,88
A06975,Dra,DRAP,85
A06975,Epi,EPIRE,75
A06975,Epyre,EPIRE,80
A06982,Antip,ANTIPATER,71
A06982,Anim,ANIMIS,80
A06982,Her,HEROD,75
A06982,Hill,HILLUS,80
A06982,Lim,LIME,85
A06982,Iosephus,JOSEPHUS,87
A06991,Macheuil,MACHIAVEL,70
A06991,Merch,MERCHANTS,71
A06991,1 Knight,KNIGHTS,80
A06991,Offic,OFFICERS,76
A06991,Abig,ABIGAIL,72
A06991,Math,MATHIAS,72
A06991,Math •,MATHIAS,72
A06991,Bosc,BOSCO,88
A07003,Old Qu,OLD QUEEN,80
A07003,Old Q,OLD QUEEN,75
A07003,Admi,ADMIRAL,72
A07003,Gonza,GONZAGUE,76
A07003,Gonzago,GONZAGUE,80
A07003,Seronne,SEROUNE,85
A07003,Ret,RETZ,85
A07003,Nauarr,NAVARRE,76
A07003,An,MAN,80
A07003,Eper,EPERNON,72
A07003,Mugeroun,MAUGIRON,75
A07003,Nauarre,NAVARRE,85
A07003,Bartus,BARTAS,83
A07003,Epernoune,EPERNON,87
A07003,Dumaiue,DUMAINE,85
A07003,Frier,FRIAR,80
A07004.1,Meand,MEANDER,83
A07004.1,Cene,CENEUS,80
A07004.1,Ortyg,ORTYGIUS,76
A07004.1,Mean,MEANDER,72
A07004.1,Therid,THERIDAMAS,75
A07004.1,Baiazeth,BAJAZETH,87
A07004.1,Moro,MoROCCO,72
A07004.1,Anip,ANIPPE,80
A07004.1,Gouernour,GOVERNOR,82
A07004.1,Virg,VIRGINS,72
A07004.1,1. Virgin,VIRGINS,80
A07004.2,Sigis,SIGISMOND,71
A07004.2,Callap,CALLAPINE,80
A07004.2,Bald,BALDWIN,72
A07004.2,Orca,ORCANES,72
A07004.2,Therid,THERIDAMAS,75
A07004.2,Pion,PIONERS,72
A07004.2,Olym,OLYMPIA,72
A07004.2,Gouern,GOVERNOR,71
A07009,Good. A,GOOD ANGEL,80
A07009,Euill Angel,"EVIL ANGEL
VALDES",71
A07009,Good An,GOOD ANGEL,82
A07009,Good A,GOOD ANGEL,80
A07009,Enuy,ENVY,75
A07009,Sloath,SLOTH,90
A07009,Frier,FRIARS,72
A07009,A Fe,RAFE,75
A07009,Rob,ROBIN,75
A07009,Hors,CHORUS,80
A07009,Schol,SCHOLARS,76
A07018,Gauest,GAVESTON,71
A07018,Lancast,LANCASTER,87
A07018,Warw,WARWICK,72
A07018,Edwa,EDWARD,80
A07018,Bald,BALDOCK,72
A07018,Mor,MOWER,75
A07018,Messen,MESSENGER,80
A07018,Guar,GUARD,88
A07018,Iames,JAMES,80
A07018,Sir Iohn,SIR JOHN,87
A07018,S. Iohn,SIR JOHN,71
A07018,Gurn,GOURNEY,72
A07018,Gur,GUARD,75
A07018,Mortimer. Iu,LORD MORTIMER,84
A07018,Lightbor,LIGHTBORNE,88
A07023,Acha,ACHATES,72
A07023,Cloan,CLOANTHUS,71
A07023,Iuno,JUNO,75
A07052,Studye,STUDY,90
A07052,Studie,STUDY,72
A07052,Recreacion,RECREATION,90
A07052,Dilig • Nce,DILIGENCE,88
A07067,Guid,GUIDO,88
A07067,Mizald,MIZALDUS,85
A07067,Rober,ROBERTO,83
A07067,Mizal,MIZALDUS,76
A07067,Clarid,CLARIDIANA,75
A07067,Roger,ROGERO,90
A07067,Mend,MENDOSA,72
A07067,Abigall,ABIGAIL,85
A07067,Abig,ABIGAIL,72
A07067,Tha,THAIS,75
A07067,Gui,GUIDO,75
A07067,Capt,CAPTAIN,72
A07067,Gniac,GNIACA,90
A07067,Gnia,GNIACA,80
A07067,Guiaca,GNIACA,83
A07067,Cardin,CARDINAL,85
A07067,Frier,FRIAR,80
A07067,Watchm,WATCH,90
A07074,Ferrar,FERRARDO,85
A07074,F • Rrar,FERRARDO,71
A07074,Piet,PIETRO,80
A07074,Equa,EQUATO,80
A07074,Cel,CELSO,75
A07074,Cels,CELSO,88
A07074,Maleuole,MALEVOLE,87
A07074,Beancha,BIANCA,76
A07074,Cello,CELSO,80
A07074,Mend,MENDOZA,72
A07074,Equate,EQUATO,83
A07074,Celio,CELSO,80
A07074,Emil,EMILIA,80
A07074,Bian,BIANCA,80
A07074,Pas,PAGRS,75
A07074,Mendo,MENDOZA,83
A07074,Page,PAGES,88
A07077,Her,HEROD,75
A07077,Renal,RENALDO,83
A07077,Hero,HEROD,88
A07077,Nympha,NYMPHADORO,75
A07077,Gonz,GONZAGO,72
A07077,Gonza ▪,GONZAGO,83
A07077,Tibe,TIBERIO,72
A07083,Asdru,HASDRUBAL,71
A07083,Gelo,GELOSSO,72
A07083,Han,HANNO,75
A07083,Gis,GISCO,75
A07217,Amad,AMADA,88
A07217,Ferr,FERRARA,72
A07217,Borg,BORGIAS,72
A07217,Ferra,FERRARA,83
A07217,Ama,AMADA,75
A07217,Phe,PHEGO,75
A07217,Prus,PRUSIAS,72
A07217,Philen,PHILENZO,85
A07234,Timagorus,TIMAGORAS,88
A07234,Timag,TIMAGORAS,71
A07234,Gracc,GRACCULO,76
A07234,Archid,ARCHIDAMUS,75
A07234,Diphil,DIPHILUS,85
A07234,Olimpia,OLYMPIA,85
A07234,Diphilon,DIPHILUS,75
A07234,Timagor,TIMAGORAS,87
A07234,Cleor,CLEORA,90
A07234,Timol,TIMOLEON,76
A07234,Asotas,ASOTUS,83
A07234,Cymbrio,CIMBRIO,85
A07234,Asot,ASOTUS,80
A07234,Zant,ZANTHIA,72
A07234,Poliphron,POLYPHRON,88
A07234,Pisandra,TIMANDRA,75
A07234,Cimb,CIMBRIO,72
A07234,Cleo,CLEON,88
A07234,Cori,CORISCA,72
A07234,Diphi,DIPHILUS,76
A07234,Timand,TIMANDRA,85
A07234,Timan,TIMANDRA,76
A07234,Archida,ARCHIDAMUS,82
A07234,Timago,TIMAGORAS,80
A07237,Marce,MARCELIA,76
A07237,Mari,MARIANA,72
A07237,Franc,FRANCISCO,71
A07237,Steph,STEPHANO,76
A07237,Grac,GRACCHO,72
A07237,Charl,CHARLES,83
A07237,Offic,OFFICER,83
A07237,1. Gentlem,GENTLEMEN,77
A07237,2. Gentlem,GENTLEMEN,77
A07237,Gentlew,GENTLEWOMAN,77
A07237,3. Gentlem,GENTLEMEN,77
A07237,Tibe,TIBERIO,72
A07237,Frans,FRANCISCO,71
A07237,Euge,EUGENIA,72
A07237,Eugen,EUGENIA,83
A07237,Tiber,TIBERIO,83
A07237,Gracc,GRACCHO,83
A07238,Paulin,PAULINUS,85
A07238,Proiector,PROJECTOR,88
A07238,Chrysapiu •,CHRYSAPHIUS,90
A07238,Timan • Us,TIMANTUS,87
A07238,Theodos,THEODOSIUS,82
A07238,Pulch,PULCHERIA,71
A07238,Fulcher,PULCHERIA,75
A07238,Athen,ATHENAIS,76
A07238,Inform,INFORMER,85
A07238,Proiect,PROJECTOR,75
A07238,Pulch • R,PULCHERIA,75
A07238,Mast,MASTER,80
A07238,Chrysap,CHRYSAPHIUS,77
A07238,Timan,TIMANTUS,76
A07238,Gratian,GRATIANUS,87
A07238,Timant,TIMANTUS,85
A07238,Philan,PHILANAX,85
A07238,Philar,PHILANAX,71
A07238,Phila,PHILANAX,76
A07238,Philam,PHILANAX,71
A07238,Pulcher,PULCHERIA,87
A07238,Seruant,SERVANT,85
A07238,Arcad,ARCADIA,83
A07238,Countrym,COUNTRYMAN,88
A07239,Giovan,GIOVANNI,85
A07239,Caland,CALANDRINO,75
A07239,Conta,CONTARINO,71
A07239,Sanazarro,SsANNAZARO,84
A07239,Sanazar,SsANNAZARO,82
A07239,Calan,CALAMINTA,71
A07239,Bernar,BERNARDO,85
A07239,Carol,CcAROLO,83
A07239,Sanaza,SsANNAZARO,75
A07239,Sanazaro,SsANNAZARO,88
A07239,Fiorin,FIORINDA,85
A07239,Calandri,CALANDRINO,88
A07239,Calandr,CALANDRINO,82
A07239,Petronel,PETRONELLA,88
A07239,Hieroni,HIERONIMO,87
A07239,Contari,CONTARINO,87
A07239,Calam,CALAMINTA,71
A07239,Corolo,CcAROLO,76
A07239,Sinazar,SsANNAZARO,70
A07241,Greedie,GREEDY,76
A07241,Ouerreach,OVERREACH,88
A07241,Furn,FURNACE,72
A07241,Greed,GREEDY,90
A07241,Watch,WATCHALL,76
A07241,Ord,ORDER,75
A07241,Amb,AMBLE,75
A07241,Chamberm,CHAMBERMAID,84
A07241,Louell,LOVELL,83
A07241,Tapw,TAPWELL,72
A07241,Welbo,WELBORNE,76
A07241,Well-Doe,WILL-DO,80
A07246,Gaz,GAZET,75
A07246,Donu,DONUSA,80
A07246,Mant,MANTO,88
A07246,Mant ••,MANTO,88
A07246,Musta,MUSTAPHA,76
A07246,Boteswaine,BOATSWAIN,84
A07246,Capiaga,CAPIA,83
A07246,Cap,CAPIA,75
A07246,Cara,CARAZIE,72
A07246,Capi,CAPIA,88
A07246,Grima,GRIMALDI,76
A07246,Grimal,GRIMALDI,85
A07246,Maust,MASTER,72
A07246,Paul,PAULINA,72
A07246,Ga •,AGA,80
A07246,Gaz •,GAZET,75
A07246,Mast,MASTER,80
A07246,Maist,MASTER,72
A07246,Franc,FRANCISCO,71
A07248,Ush,USHER,75
A07248,Theoc,THEOCRINE,71
A07248,Vsher,USHER,80
A07248,Beauf. Sen,BEAUFORT sENIOR,75
A07248,Mont,CHAMONT,72
A07248,Cham,CHAMONT,72
A07248,Beauf Sen,BEAUFORT sENIOR,75
A07248,Montre,MONTREVILLE,70
A07248,2. Captaine,SEA-CAPTAINS,72
A07248,Beauf,BEAUFORT,76
A07248,Monta,MONTAIGNE,71
A07248,Malef,MALEFORT,76
A07248,1. Wench,WENCHES,71
A07248,2. Wench,WENCHES,71
A07248,Theocr,THEOCRINE,80
A07248,Mal. Montrevile,MONTREVILLE,80
A07249,Theoph,THEOPHILUS,75
A07249,Harp,HARPAX,80
A07249,Diocle,DIOCLETIAN,75
A07249,Arte,ARTEMIA,72
A07249,Epire,EPIRUS,72
A07249,Mace,MACEDON,72
A07249,Artem,ARTEMIA,83
A07249,Anton,ANTONINUS,71
A07249,Macri,MACRINUS,76
A07249,Hirc,HIRCIUS,72
A07249,Spung,SPUNGIUS,76
A07249,Ange,ANGELO,80
A07249,Calaste,CALISTE,85
A07249,Christ,CHRISTETA,80
A07249,Chris,CHRISTETA,71
A07249,Criste,CHRISTETA,80
A07249,Doct,DOCTORS,72
A07249,Slaue,sLAVE,80
A07249,Sla,sLAVE,75
A07249,Diocles,DIOCLETIAN,70
A07249,Maximums,MAXIMINUS,82
A07251,Charmi,CHARM,90
A07251,Char,CHARM,88
A07251,Lilad,LILADAM,83
A07251,Carmi,CHARM,80
A07251,Chara,CHARM,80
A07251,Malo,MALOTIN,72
A07251,Bella,BELLAPERT,71
A07251,Aym,AYMER,75
A07251,Lila,LILADAM,72
A07251,Nouall,NOVALL,83
A07251,Cha,CHARM,75
A07251,Lila •,LILADAM,72
A07251,Charmi •,CHARM,90
A07326,Roſc,ROSCIO,80
A07326,Vir,VIRRO,75
A07326,Franc,FRANCISCO,71
A07326,Frank,FRANKLIN,76
A07326,Luc,LUCE,85
A07326,Shal,SHALLOW,72
A07326,Euge,EUGENIO,72
A07326,Nica,NICANOR,72
A07326,Kin,KING,85
A07326,Watch,WATCHMEN,76
A07329,Aemon,HAEMON,90
A07329,Chor,CHORUS,80
A07329,Arg,ARGIA,75
A07329,Deiph,DEIPHILE,76
A07329,Cre,CREON,75
A07329,Antigo,ANTIGONE,85
A07329,Creo,CREON,88
A07329,Argi,ARGIA,88
A07330,Caes,CAENIS,80
A07330,Ari,PARIS,75
A07330,Pri,PARIS,75
A07492,Hipol,HIPPOLITO,71
A07492,Camil,CAMILLO,83
A07492,Pilc,PILCHER,72
A07492,Pilch,PILCHER,83
A07492,Blu,BLURT,75
A07492,Blur,BLURT,88
A07492,Slub,SLUBBER,72
A07492,Fris,FRISCO,80
A07492,Frier,FRIAR,80
A07493,Maudl,MAUDLINE,76
A07493,S. Walt,SIR WALTER,75
A07493,Wife,MIDWIFE,72
A07493,Tut,TUTOR,75
A07493,Walt,WAT,85
A07493,Nicke,NICK,88
A07493,Suſ,SUSAN,75
A07493,Allw,ALLWIT,80
A07493,Parſ,PARSON,80
A07495,Miſt. Gliſt,MISTRESS GLISTER,76
A07495,Gliſt,GLISTER,83
A07495,Gerar,GERARDINE,71
A07495,Mar,MARIA,75
A07495,Shrim,SHRIMP,90
A07495,Gudgin,GUDGEON,76
A07495,Pur,puRGE,75
A07495,Gudg,GUDGEON,72
A07495,Dryfa,DRYFAT,90
A07495,Gerard,GERARDINE,80
A07495,Purg,puRGE,88
A07498,Err,ERROR,75
A07498,Blacke Queenes Pawne,BLACK QUEEN'S PAWN,89
A07498,White Q. Pawne,WHITE PAWN,86
A07498,Blacke Q. P,BLACK PAWN,70
A07498,White Q. P,WHITE PAWN,73
A07498,Blacke B. P,BLACK PAWN,70
A07498,Black B. P,BLACK BISHOP,76
A07498,White Q P,WHITE PAWN,73
A07498,White Queenes Pawne,WHITE QUEEN'S PAWN,91
A07498,F. Biſhop,BLACK BISHOP,85
A07502.10,Flo,FLORA,75
A07502.8,Spri,SPRING,80
A07502.8,Autum,AUTUMN,90
A07502.8,Flo,FLORA,75
A07502.9,Flo,FLORA,75
A07503,New-Y,NEW YEAR,76
A07503,Dogd,DOG,85
A07504,Folly-W,FOLLYwIT,80
A07504,Folly W,FOLLYwIT,80
A07504,Folly,FOLLYwIT,76
A07504,Moth,MOTHER,80
A07504,Poſſibi,POSsIBILITY,77
A07504,Eſſe,INESSE,80
A07504,Hareb,HAREBRAIN,71
A07504,Sir Boun,SIR BOUNTEOUS,76
A07504,Foot,FOOTMAN,72
A07504,Folli,FOLLYwIT,76
A07504,Sir Bount,SIR BOUNTEOUS,81
A07504,Ineſſ,INESSE,90
A07504,Ineſ,INESSE,80
A07504,Follie,FOLLYwIT,71
A07504,Succu,ASUCCUBUS,71
A07504,Sir. Boun,SIR BOUNTEOUS,76
A07504,Moth ▪,MOTHER,80
A07504,Sir Boun ▪,SIR BOUNTEOUS,76
A07504,Sir Bou,SIR BOUNTEOUS,70
A07504,Folly ▪,FOLLYwIT,76
A07504,Conſt ▪,CONSTABLE,71
A07504,Conſt,CONSTABLE,71
A07504,Const,CONSTABLE,71
A07504,Conſta ▪,CONSTABLE,80
A07505,Boye,BOY,85
A07505,Lathe,LETHE,80
A07505,Leth,LETHE,88
A07505,Pand,PANDER,80
A07505,Leh,LETHE,75
A07505,Draw,DRAWER,80
A07505,Salew,SALEWOOD,76
A07505,Short,SHORTYARD,71
A07505,Duſt,DUSTBOX,72
A07505,Taylor,TAILOR,83
A07505,Fath,FATHER,80
A07505,Coin,COMINGS,72
A07505,Rerg,REARAGE,72
A07505,Let,LETHE,75
A07505,Gruil,GRUEL,80
A07505,Gru,GRUEL,75
A07505,Rerrage,REARAGE,85
A07505,Rerag,REARAGE,83
A07505,Faith,FATHER,72
A07505,Suſ,SUSAN,75
A07507,Phoe,PHOENIX,72
A07507,Duk,DUKE,85
A07507,Phoen,PHOENIX,83
A07507,Neece,NIECE,80
A07507,Captaine,SBA-CAPTAIN,73
A07507,Groome,GROOM,90
A07507,Groo,GROOM,88
A07507,Gro,GROOM,75
A07507,Tang,TANGLE,80
A07507,Knig,KNIGHT,80
A07507,Falſ,FALSO,88
A07507,Furt,FURTIVO,72
A07507,Fal,FALSO,75
A07507,Latron,LATRONELLO,75
A07507,Fuca,FUCATO,80
A07507,Fucat,FUCATO,90
A07507,Conſt,CONSTABLE,71
A07507,Nee,NIECE,75
A07507,Maide,MAID,88
A07507,Knigh,KNIGHT,90
A07507,Draw,DRAWER,80
A07507,Gentle,GENTLEMEN,80
A07511,Witg,wiTGOOD,72
A07511,Lampr,LAMPREY,83
A07511,Hoord,HOARD,80
A07511,Luc,LUCRE,75
A07511,Lamp,LAMPREY,72
A07511,Damp,DAMPIT,80
A07511,Lucr,LUCRE,88
A07511,Geog,GEORGE,80
A07511,Georg,GEORGE,90
A07511,Gul,GULF,85
A07511,Limb,LIMBER,80
A07511,Kixe,KIX,85
A07511,Hor,HOARD,75
A07513,Iuſtice,JUSTICE,85
A07513,Honor,HONOUR,90
A07524,Gosh,GOSHAWK,72
A07524,Green,GREENWIT,76
A07524,Sir Dap,SIR DAVY,80
A07524,Greene,GREENWIT,71
A07524,Gul,GULL,85
A07524,Mol,MOLL,85
A07524,Mist. Openworke,OPENWORK,72
A07524,Taylor,TAILOR,83
A07524,Mist. Gall,GALLIPOT,70
A07524,Sir Da,SIR DAVY,85
A07524,S. Dauy,SIR DAVY,71
A07524,Hang,HANGER,80
A07524,Seruant,SERVANTS,80
A07525,Sold,SOLDIER,72
A07525,White-Starch,STARCHES,70
A07525,Decei,DECEIT,90
A07525,Kin,KING,85
A07525,Flam,FLAMEN,80
A07637,Paſq,PASQUIL,72
A07859,Bre,BREMO,75
A07859,Bre •,BREMO,75
A07859,Comedie,COMEDY,76
A07895,Leofſlane,LEOFSTAN,82
A07906,Maiſter,MATE,72
A07907,Mate,MASTER,80
A07907,Brvte,BRUTE,80
A07907,Troya Nova,TROIA NOVA,90
A07907,Hvmber,HUMBER,83
A07907,Agnites,AGNITBS,85
A08009,Vertum,VERTUMNUS,80
A08009,Solst,SOL,75
A08009,Haruest,HARVEST,85
A08009,Will Su ̄ Mer,WILL SUMMERS,78
A08009,Wilsummer,SUMMER,80
A08065,Tigell,TIGELLINUS,75
A08065,Senec,SENECA,90
A08065,Luca,LUCAN,88
A08065,Popp,POPPAEA,72
A08065,Seruant,SERVANT,85
A08065,Neoph,NEOPHILUS,71
A08065,Cornu,CORNUTUS,76
A08065,Piſa,PISO,75
A08065,Poppe,POPPAEA,83
A08065,Anton,ANTONIUS,76
A08065,Wom,WOMAN,75
A08065,Flau,FLAVIUS,72
A08065,Luc,LUCAN,75
A08065,Poppa,POPPAEA,83
A08065,1. Friend,FRIENDS,80
A08065,2. Friend,FRIENDS,80
A08065,Enan,ENANTHE,72
A08262,Elid,ELIDURE,72
A08262,Perid,PERIDURE,76
A08262,Morg,MORGAN,80
A08262,Elidu,ELIDURE,83
A08262,Sombod,SOMEBODY,85
A08262,Sombo,SOMEBODY,76
A08262,Nobod,NOBODY,90
A08262,Nobo,NOBODY,80
A08262,Prent,PRENTICE,76
A08262,Queene,QUEEN,90
A08262,Quee,QUEEN,88
A08262,Malg,MALGO,88
A08262,Maglo,MALGO,80
A08262,Const,CONSTABLE,71
A08262,1 Porter,PORTERS,80
A08262,2 Porter,PORTERS,80
A08262,Mal,MALGO,75
A08262,Elydure,ELIDURE,85
A08262,Someb,SOMEBODY,76
A08360,Arestus,AROSTUS,85
A09134,Crack-St,CRACKSTONE,77
A09220,Faun,FAUNUS,80
A09220,Flor,FLORA,88
A09220,Flo,FLORA,75
A09220,Mus,MUSES,75
A09220,Iuno,JUNO,75
A09220,Ven,VENUS,75
A09220,Pall,PALLAS,80
A09220,Par,PARIS,75
A09220,Thest,THENOT,72
A09220,Vulc,VULCAN,80
A09220,Nym,NYMPH,75
A09220,Plut,PLUTO,88
A09220,Apol,APOLLO,80
A09220,Ven ▪,VENUS,75
A09220,Plu,PLUTO,75
A09220,Mar,MARS,85
A09220,Dia,DIANA,75
A09220,Dian,DIANA,88
A09220,Cloth,CLOTHO,90
A09220,Atrop,ATROPOS,83
A09221,Rubyn,RUBIN,80
A09221,Muly Xe,"PRESENTER
MULY MAHAMET",72
A09221,Abd. Ra,ABDIL RAYES,70
A09221,Rub,RUBIN,75
A09221,Dieg,DIEGO,88
A09221,Stuk,sTUKELY,72
A09221,Die,DIEGO,75
A09221,Bish,BISHOP,80
A09221,Calyp,CALYPOLIS,71
A09221,Sebast,sEBASTIAN,80
A09221,Ionas,JONAS,80
A09221,Abdelm,ABDELMUNEN,75
A09221,Cely,CELYBIN,72
A09221,Auero,AVEIRO,72
A09221,Stukley,sTUKELY,85
A09221,Muly Ma,"PRESENTER
MULY MAHAMET",72
A09222,Charitie,CHARITY,80
A09222,Honor,HONOUR,90
A09223,The Cuntry,COUNTRY,70
A09223,The Souldier,SOLDIER,73
A09224,The Queene Mother,QUEEN MOTHER,82
A09224,Manet Queene Mother,QUEEN MOTHER,77
A09224,Q. Mother,QUEEN MOTHER,85
A09224,Glocest,GLOUCESTER,82
A09224,Clocester,GLOUCESTER,84
A09224,Guenth,GUENTHER,85
A09224,Morti,MORTIMER,76
A09224,Gloster,GLOUCESTER,82
A09224,Mortimor,MORTIMER,87
A09224,Frier,FARMER,72
A09224,Balioll,BALLIOL,85
A09224,Qu. Elinor,QUEEN ELEANOR,72
A09224,Gloste,GLOUCESTER,75
A09224,Pedler,PEDLAR,83
A09224,Mortim,MORTIMER,85
A09224,Kather,KATHERINA,80
A09224,Iohn,JOHN,75
A09224,2 Messeng,MESSENGER,77
A09224,Spenc,SPENCER,83
A09224,K. Edrard,EDWARD,71
A09228,Abis,ABISHAI,72
A09228,Hanon,HANUN,80
A09228,Mach,MAACAH,80
A09228,Abisa,ABISHAI,83
A09228,Ammon,AMNON,80
A09228,Thamar,TAMAR,90
A09228,Thama,TAMAR,80
A09228,Iethray,JETHRAI,71
A09228,Absa,ABISHAI,72
A09228,Hannon,HANUN,72
A09228,Abyshai,ABISHAI,85
A09228,Ionadab,JONADAB,85
A09228,Ado,ZADOK,75
A09228,Ahimaas,AHIMAAZ,85
A09228,Concub,CONCUBINES,75
A09228,Ama,TAMAR,75
A09228,Abia,ABISHAI,72
A09228,Ahim,AHIMAAZ,72
A09228,Semei,SHIMEI,72
A09228,Salo,ABSALOM,72
A09228,Abisay,ABISHAI,76
A09613,Emilie,EMILY,72
A09613,Flarius,FLAVIUS,85
A09613,The Meſsinger,MESSENGER,72
A09651,Ruſtycus,RUSTicus,87
A09651,Councell,COUNSEL,80
A09651,Halterſycke,HALTERSICK,85
A09651,Haulterſycke,HALTERSICK,81
A09651,Sodyeares,SOLDIERS,70
A09651,Sodyers,SOLDIERS,80
A09651,Sodyer,SOLDIER,76
A09651,Harauld,HERALD,76
A09651,Harrauld,HERALD,71
A09651,Prouicion,PROVISION,77
A09651,Prouiſion,PROVISION,88
A09651,Menalaus,MENELAUS,87
A09651,Reuenge,REVENGE,85
A09651,Commons,COMMONALTY,70
A10041,Councel,COUNSEL,85
A10041,Ruf,RUFF,85
A10041,Snuf,sNUFF,88
A10041,Huf,HUFF,85
A10041,Nuf,sNUFF,75
A10041,Small Habilitie,SMALL ABILITY,85
A10041,Small Habillitie,SMALL ABILITY,82
A10041,Smirdis,sMERDIS,85
A10041,Crueltie,CRUELTY,80
A10402.1,Aristip,ARISTIPPUS,82
A10411.1,Flowrd,FLOWERDEW,80
A10411.1,Flowerd,FLOWERDEW,87
A10411.1,Rosc,ROSCIUS,72
A10411.1,Rosci,ROSCIUS,83
A10411.1,Comed,COMEDY,90
A10411.1,Trag,TRAGEDY,72
A10411.1,Come,COMEDY,80
A10411.1,Trage,TRAGEDY,83
A10411.1,Satyre,SATIRE,83
A10411.1,Dysco,DYSCOLUS,76
A10411.1,Col,COLAX,75
A10411.1,Flowr,FLOWERDEW,71
A10411.1,Deil,DEILUS,80
A10411.1,Deill,DEILUS,72
A10411.1,Acolast,ACOLASTUS,87
A10411.1,Acola,COLAX,80
A10411.1,Banau,BANAUSUS,76
A10411.1,Cola,COLAX,88
A10411.1,Orgy,ORGYLUS,72
A10411.1,Alaz,ALAZON,80
A10411.1,Eir,EIRON,75
A10411.1,Lupa,LUPARUS,72
A10411.1,Anaisk,ANAISKYNTIA,70
A10411.1,Nim,NIMIS,75
A10411.1,Par,PARUM,75
A10411.1,Nih,NIHIL,75
A10411.1,Cclax,COLAX,80
A10411.2,Thest,THESTYLIS,71
A10411.2,Medo,MEDORUS,72
A10411.2,Alex,ALEXIS,80
A10411.2,Corym,CORYMBUSs,71
A10411.2,Amyn,AMYNTAS,72
A10411.2,Dam,DAMON,75
A10411.2,Clai,CLAIus,80
A10411.2,Amynt,AMYNTAS,83
A10411.2,Pilum,PILUMNUS,76
A10411.2,Iocast,JOCASTUS,71
A10726,Warwike,WARWICK,85
A10726,Yorke,YORK,88
A10726,Rich,RICHARD,72
A10726,Norf,NORFOLK,72
A10726,Exet,EXETER,80
A10726,Cliff,CLIFFORD,76
A10726,Hen,HENRY,75
A10726,Keeper,GAMEKEEPERS,70
A10726,Prince Ed,PRINCE EDWARD,81
A10726,Prince Edw,PRINCE EDWARD,86
A10726,Monta,MONTAGUE,76
A10726,Huntſ,HUNTSMAN,76
A10726,Riuers,RIVERS,83
A10726,Sommer,SOMERSET,71
A10730,Poetrie,POETRY,76
A10730,Poet,POETRY,80
A10730,Tru,TRUTH,75
A10730,Citi,CITIZEN,72
A10730,Rich,RICHARD,72
A10730,Riuers,RIVERS,83
A10730,Vaugh,VAUGHAN,83
A10730,Vaughon,VAUGHAN,85
A10730,Meſſen,MESSENGER,80
A10730,Card,RICHARD,72
A10730,Cateſ,CATESBY,83
A10730,Cate,CATESBY,72
A10730,Mort,MORTON,80
A10730,Terrell,TYRRELL,85
A10730,Stan,STANLEY,72
A10730,Lan,LANDO,75
A10730,Catesbie,CATESBY,80
A11145,Car,CARLO,75
A11145,Quest,GUESTS,72
A11145,Corn,CORNEGO,72
A11145,Onae,ONAELIA,72
A11145,Alanz,ALANZO,90
A11145,Daen,DAENIA,80
A11145,Carl,CARLO,88
A11145,Lop,LOPEZ,75
A11146,Bone,BONNER,80
A11146,Brand,BRANDON,83
A11146,Wil,WILL,85
A11146,Wills,WILL,88
A11146,William,WILL,72
A11146,Bonneuet,BONNER,71
A11146,Count,COUNTESS,76
A11146,Gard,GUARD,88
A11146,Bran,BRANDON,72
A11146,Gray,GREY,75
A11146,Pat,PATCH,75
A11146,Page,PAGES,88
A11146,Pach,PATCH,88
A11146,Campe,CAMPEIUS,76
A11146,Campeu,CAMPEIUS,85
A11146,Wils,WILL,75
A11146,Bron,BROWNE,80
A11146,Black Vvill,BLACK WILL,85
A11146,Blacke Vvill,BLACK WILL,81
A11146,Blacke Vvil,BLACK WILL,76
A11146,Blacke • Il,BLACK WILL,84
A11146,Port,poRTER,80
A11146,1. Prisoner,PRISONERS,84
A11146,Blacke Wil,BLACK WILL,90
A11146,Cran,CRANMER,72
A11146,Rookes,ROOKSBY,76
A11146,Brown,BROWNE,90
A11146,Brow,BROWNE,80
A11146,Seruant,SERVANT,85
A11146,Mar,MAYOR,75
A11146,Gar,GUARD,75
A11146,Empe,EMPEROR,72
A11151,Mayd,MARY,75
A11151,Rand,RANDALL,72
A11151,Iohn,JOHN,75
A11151,Randals,RANDALL,85
A11151,Draw,DRAWER,80
A11151,Watch,WATCHMEN,76
A11151,Iarvis,JARVIS,83
A11151,Alexand,ALEXANDER,87
A11151,Sir Marma,SIR MARMADUKE,81
A11151,Sir Mar,SIR MARMADUKE,70
A11151,Earla,EARLACK,83
A11151,Earl,EARLACK,72
A11151,Ambodex,AMBODEXTER,82
A11152,Ellred,ELDRED,83
A11152,Quee,QUEEN,88
A11152,Amphi,AMPHIABEL,71
A11152,Lord,LORDS,88
A11152,Lor,LORDS,75
A11152,Ang,ANGEL,75
A11152,Ral,RALPH,75
A11152,Diocle,DIOCLETIAN,75
A11152,Leod,LEODICE,72
A11152,Nurs,NURSE,88
A11152,Raph,RALPH,88
A11152,Alb,ALBAN,75
A11152,Albon,ALBAN,80
A11152,Nur,NURSE,75
A11155,Ped,PEDRO,75
A11155,Alon,ALONZO,80
A11155,Serv,SERVANT,72
A11262,Atey,ATE,85
A11262,Assar,ASSARACUS,71
A11262,Corin,CORINEUS,76
A11262,Thrasi,THRASSIER,80
A11262,Deb,DEBON,75
A11262,Strum,sTRUMBO,83
A11262,Doro,DOROTHY,72
A11262,Locr,LOCRINE,72
A11262,Seg,SEGAR,75
A11262,Hub,HUBBA,75
A11262,Trum,sTRUMBO,72
A11262,Stru,sTRUMBO,72
A11262,Humb,HUMBER,80
A11262,Locri,LOCRINE,83
A11262,Estr,ESTRILD,72
A11264,Sir God,SIR GODFREY,77
A11264,Sir Godf,SIR GODFREY,84
A11264,Syr Godf,SIR GODFREY,73
A11264,Fran,FRANCES,72
A11264,Mol,MOLL,85
A11264,Franck,FRANCES,76
A11264,Ed •• Nd,EDMOND,72
A11264,Skirm,SKIRMISH,76
A11264,Sim,SIMON,75
A11264,Frail,FRAILTY,83
A11264,Nicho,NICHOLAS,76
A11264,Fray,FRAILTY,72
A11264,Penny,PENNYDUB,76
A11264,Franke,FRANCES,76
A11264,Frai,FRAILTY,72
A11264,Gentle,GENTLEMAN,80
A11264,Rauenshaw,RAVENSHAW,88
A11264,Sir Goaf,SIR GODFREY,73
A11264,Keep,KEEPER,80
A11264,Sir Go,SIR GODFREY,70
A11265,Hod,HODGE,75
A11265,Old. Cro,"OLD 
CROMWELL",73
A11265,Old Cro,"OLD 
CROMWELL",73
A11265,Old Crom,"OLD 
CROMWELL",80
A11265,Bag,BAGOT,75
A11265,Post,HOST,75
A11265,Hodg,HODGE,88
A11265,Hal,HALES,75
A11265,Suff,sUFFOLK,72
A11265,Norf,NORFOLK,72
A11265,Seely,sEELEY,90
A11265,Seelie,sEELEY,83
A11265,Vsher,usHER,80
A11265,Ser,usHER,75
A11909.3,Antig,ANTIGONE,76
A11909.3,Oedip,OEDIPUus,76
A11909.6,Hele,HELENA,80
A11910,Elec,ELECTRA,72
A11910,Elect,ELECTRA,83
A11910,Aegist,AEGISTHUS,80
A11912,Cre,CREON,75
A11914,Atre,ATREUS,80
A11914,Thyest,THYESTES,85
A11914,Chor,CHORUS,80
A11917,Octauia,OCTAVIA,85
A11917,Prefectus,PREFECT,87
A11917,Chor,CHORUS,80
A11917,Ner,NERO,85
A11954.10,Orlan,ORLANDO,83
A11954.10,Oliuer,OLIVER,83
A11954.10,Cel,CELIA,75
A11954.10,Char,CHARLES,72
A11954.10,Amien,AMIENS,90
A11954.10,1. Lord,LORDS,72
A11954.10,2. Lord,LORDS,72
A11954.10,Cor,CORIN,75
A11954.10,Lord,LORDS,88
A11954.10,Will,WILLIAM,72
A11954.12,Laf,LAFEU,75
A11954.12,Lafew,LAFEU,80
A11954.12,Hel,HELEN,75
A11954.12,Paroll,PAROLES,76
A11954.12,Kin,KING,85
A11954.12,Hel ▪,HELEN,75
A11954.12,Maria,MARIANA,83
A11954.12,Dia,DIANA,75
A11954.12,Dian,DIANA,88
A11954.12,Dia ▪,DIANA,75
A11954.13,Vio,VIOLA,75
A11954.13,Sir To,SIR TOBY,85
A11954.13,Mar,MARIA,75
A11954.14,Lord,LORDs,88
A11954.14,Antig,ANTIGONUS,71
A11954.14,Paul,PAULINA,72
A11954.14,Emil,EMILIA,80
A11954.14,Dio,DION,85
A11954.14,Offic,OFFICERS,76
A11954.14,Perd,PERDITA,72
A11954.14,Autol,AUTOLYCUS,71
A11954.14,Seruant,SERVANTS,80
A11954.1,Alon,ALONSO,80
A11954.1,Gonz,GONZALO,72
A11954.1,Sebaſ,sEBASTIAN,71
A11954.1,Mira,MIRANDA,72
A11954.1,Ari,ARIEL,75
A11954.1,Ariell,ARIEL,90
A11954.1,Alonſ,ALONSO,90
A11954.1,Adri,ADRIAN,80
A11954.1,Cer,CERES,75
A11954.1,Iris,SPIRITS,72
A11954.20,Bedf,BEDFORD,72
A11954.20,Baſt,BASSET,80
A11954.20,1. Warder,WARDERS,80
A11954.20,2. Warder,WARDERS,80
A11954.20,Wooduile,WOODVILLE,82
A11954.20,Seruingmen,SERVINGMEN,90
A11954.20,Winchest,WINCHESTER,88
A11954.20,Maior,MAYOR,80
A11954.20,Salisb,SALISBURY,80
A11954.20,Gargraue,GARGRAVE,87
A11954.20,Talb,TALBOT,80
A11954.20,Sent,SERVANT,72
A11954.20,Charl,CHARLES,83
A11954.20,Capt,CAPTAIN,72
A11954.20,Count,SCOUT,80
A11954.20,Port,PORTER,80
A11954.20,Yorke,YORK,88
A11954.20,Suff,SUFFOLK,72
A11954.20,Warw,WARWICK,72
A11954.20,Mor,MAYOR,75
A11954.20,Exet,EXETER,80
A11954.20,Vern,VERNON,80
A11954.20,Baſſ,BASSET,80
A11954.20,Luc,LUCY,85
A11954.20,Char,CHARLES,72
A11954.20,Legat,LEGATE,90
A11954.20,Yor,YORK,85
A11954.20,Mar,MAYOR,75
A11954.24,Norf,NORFOLK,72
A11954.24,Bran,BRANDON,72
A11954.24,Louell,LOVELL,83
A11954.24,San,sANDs,75
A11954.24,Suff,SUFFOLK,72
A11954.24,Gard,GUARD,88
A11954.24,An,MAN,80
A11954.24,Scri,SCRIBES,72
A11954.24,Gar,GUARD,75
A11954.24,Cran,CRANMER,72
A11954.24,Buts,BuTTS,88
A11954.24,Port,PORTER,80
A11954.24,Gart,GARTER,80
A11954.26,Menen,MENENIUS,76
A11954.26,Sicin,SICINIUS,76
A11954.26,Volum,VOLUMNIA,76
A11954.26,Virgil,VIRGILIA,85
A11954.26,Lart,LARTIUS,72
A11954.26,Auffid,AUFIDIUS,71
A11954.26,Brut,BRUTUS,80
A11954.26,Valer,vALERIA,83
A11954.26,Coriol,CORIOLANUS,75
A11954.26,Scicin,SICINIUS,71
A11954.26,Edile,AEDILES,83
A11954.26,All Lords,VOLSCIAN LORDS,71
A11954.26,Aufid,AUFIDIUS,76
A11954.29,Cup,CuPID,75
A11954.29,Var,VARRO,75
A11954.29,Iſid,ISIDORE,72
A11954.29,Caph,CAPHIS,80
A11954.29,Foole,FOOL,88
A11954.29,Luci,LUCIUS,80
A11954.29,Lucil,LUCILIUS,76
A11954.29,Titus,TITUuS,90
A11954.29,Philo,PHILOTAS,76
A11954.29,Timan,TIMANDRA,76
A11954.2,Valen,VALENTINE,71
A11954.2,Panth,PANTHINO,76
A11954.2,Launce,LANCE,90
A11954.2,Spee,SPEED,88
A11954.2,Thur,THURIO,80
A11954.31,Lenox,LENNOX,90
A11954.31,Macb,MACBETH,72
A11954.31,Banq,BANQUO,80
A11954.31,Ang,ANGUS,75
A11954.31,Macd,MACDUFP,72
A11954.31,Port,PORTER,80
A11954.31,Donal,DONALBAIN,71
A11954.31,Malc,MALCOLM,72
A11954.31,Old M,OLD MAN,83
A11954.31,Seruant,SERVANT,85
A11954.31,Doct,DOCTOR,80
A11954.31,Lad,LADY,85
A11954.31,Ser,SEWER,75
A11954.36,Piſa,PISANIO,72
A11954.36,Clot,CLOTEN,80
A11954.36,Iach,IACHIMO,72
A11954.36,Poſth,POSTHUMUS,71
A11954.36,Poſthu,POSTHUMUS,80
A11954.36,Iach',IACHIMO,72
A11954.36,Iachi,IACHIMO,83
A11954.36,Piſan,PISANIO,83
A11954.36,Lor,LORDS,75
A11954.36,Moth,MOTHER,80
A11954.36,Brothers,MOTHER,71
A11954.36,Iupiter,JUPITER,85
A11954.4,Luc,LUCIO,75
A11954.4,Clau,CLAUDIO,72
A11954.4,Elb,ELBOW,75
A11954.4,Fro,FROTH,75
A11959,Gho,GHOST,75
A11959,Gost,GHOST,88
A11959,Ofelia,OPHELIA,76
A11959,Play,PLAYERS,72
A11959,Horat,HORATIO,83
A11959,Ambass,AMBASSADORS,70
A11974,Trauers,TRAVERS,85
A11974,Mour,RUMOUR,80
A11974,Iohn,JOHN,75
A11974,Falst,FALSTAFF,76
A11974,Offic,OFFICERS,76
A11974,Poyne,POYNTZ,72
A11974,Poyns,POYNTZ,72
A11974,Draw,DRAWER,80
A11974,Fran,FANG,75
A11974,Fr • Ncis,FRANCIS,85
A11974,Pist,PISTOL,80
A11974,Falst ▪,FALSTAFF,76
A11974,Peyto,PETOWE,72
A11974,Bardolfe,BARDOLPH,75
A11974,Shal,SHALLOW,72
A11974,Moul,MOULDY,80
A11974,Shad,SHADOW,80
A11974,Scilens,SILENCE,71
A11974,Mowb,MOWBRAY,72
A11974,Colle,COLVILLE,76
A11974,War,WART,85
A11974,Dauy,DAVY,75
A11974,Silens,SILENCE,76
A11974,Pisto,PISTOL,90
A11974,Shall,SHALLOW,83
A11978,Reg,REGAN,75
A11978,Gonorill,GONERIL,80
A11978,Ragan,REGAN,80
A11978,Edg,EDGAR,75
A11978,Gent,KENT,75
A11978,Seruant,SERVANT,85
A11978,Foole,FOOL,88
A11978,Ken,KENT,85
A11978,2 Seruant,SERVANT,75
A11978,Capt,CAPTAIN,72
A11989,Ege,EGEUS,75
A11989,Lysand,LYSANDER,85
A11989,Hele,HELENA,80
A11989,Quin,QUINCE,80
A11989,Bott,BOTTOM,80
A11989,Flu,FLUTE,75
A11989,Demet,DEMETRIUS,71
A11989,Tytania,TITANIA,85
A11989,Tita,TITANIA,72
A11989,Fairies,PAIRIES,85
A11989,Herm,HERMIA,80
A11989,Ober,OBERON,80
A11989,Thes,THESEUS,72
A11989,These,THESEUS,83
A11989,Flut,FLUTE,88
A11989,Philost,PHILOSTRATE,77
A11989,Lysan,LYSANDER,76
A11992,Iag,IAGO,85
A11992,Iag ▪,IAGO,85
A11992,Clo,CLOWN,75
A11992,Bian,BIANCA,80
A11994,Mowb,MOWBRAY,72
A11994,Duch,DUCHESS,72
A11994,Gaun,GAUNT,88
A11994,Bush,BUSHY,88
A11994,Yorke,YORK,88
A11994,Queene,QUEEN,90
A11994,Bushie,BUSHY,72
A11994,Seruingman,SERVINGMAN,90
A11994,Gree,GREENE,80
A11994,Bag,BAGOT,75
A11994,Barkly,BERKELEY,71
A11994,Yor,YORK,85
A11994,Carleil,CARLISLE,80
A11994,Quee,QUEEN,88
A11994,Gard,GUARD,88
A11994,Rich,RICHARD,72
A11994,Groome,GROOM,90
A11994,Keeper,KEBPER,83
A12001,Cates,CATESBY,83
A12001,Yor,YORK,85
A12001,Bish,BISHOPs,72
A12001,By,BOY,80
A12001,Ca • Es,scALEs,72
A12001,Duch,DUCHESS,72
A12001,King Ri,KING BDWARD,72
A12001,Quee,QUEEN,88
A12001,Rich,RICHARD,72
A12001,Blunt,BLOUNT,90
A12001,Vaugh,VAUGHAN,83
A12010,Rom,ROMEO,75
A12010,Rom ▪,ROMEO,75
A12010,Nurce,NURSE,80
A12010,Benuoleo,BENVOLIO,75
A12010,Tibalt,TYBALT,83
A12010,Nur,NURSE,75
A12010,Me,MEN,80
A12010,Pet,PETER,75
A12010,Watch,WATCHMEN,76
A12010,Nurs,NURSE,88
A12010,Par,PARIS,75
A12010,Balt,TYBALT,80
A12016,Huntſ,HUNTSMEN,76
A12016,2. Player,PLAYERS,80
A12016,Play,PLAYERS,72
A12016,Lucen,LUCENTIO,76
A12016,Bian,BIANCA,80
A12016,Gremio,GRUMIO,83
A12016,Petru,PETRUCCIO,71
A12016,Tanio,TRANIO,90
A12016,Bianc,BIANCA,90
A12016,Curt,CURTIS,80
A12016,Tail,TAILOR,80
A12016,Biond,BIONDELLO,71
A12016,Tran,TRANIO,80
A12016,Peda,PEDANT,80
A12016,Pedan,PEDANT,90
A12016,Horten,HORTENSIO,80
A12017,Titus,MUTIUS,72
A12017,Lucius,CAIUS,72
A12017,Saturni,SATURNINUS,82
A12017,Saturnine,SATURNINUS,84
A12017,Lauinia,LAVINIA,85
A12017,Bascianus,BASSIANUS,88
A12017,Saturn,SATURNINUS,75
A12017,Aron,AARON,88
A12017,Lauinea,LAVINIA,71
A12017,Mart,MARTIUS,72
A12017,Quint,QUINTUS,83
A12017,Demet,DEMETRIUS,71
A12017,Lucius •,CAIUS,72
A12017,Marc,MARCUS,80
A12017,Demetri,DEMETRIUS,87
A12017,Nur,NURSE,75
A12017,Nurs •,NURSE,88
A12017,Emillius,AEMILIUS,87
A12017,Got,GOTH,85
A12017,Titus •,MUTIUS,72
A12017,Romane,ROMANS,83
A12021,Aene,AENEAS,80
A12021,Panda,PANDARUS,76
A12021,Nest,NESTOR,80
A12021,Achil,AcCHILLES,71
A12021,Patro,PATROCLUS,71
A12021,Hect,HECTOR,80
A12021,Hele,HELEN,88
A12021,Par,PARIS,75
A12021,Pria,PRIAM,88
A12021,Patrocl,PATROCLUS,87
A12021,Thersi,THERSITES,80
A12021,Thers,THERSITES,71
A12021,Hel,HELEN,75
A12021,Calc,CALCHAS,72
A12021,Eneas,AENEAS,90
A12021,Hect ▪,HECTOR,80
A12021,Dio • Ed,DIOMEDES,71
A12023,Fran,FRANCES,72
A12023,Daffidill,DAFFODIL,82
A12023,Ciuet,CIVET,80
A12023,Draw,DRAWER,80
A12023,Uncl •,UNCLE,88
A12023,Unc,UNCLE,75
A12023,Unc •,UNCLE,75
A12023,Luc,LUCE,85
A12023,Luee,LUCE,75
A12023,Lnce,LUCE,75
A12023,Deli,DELIA,88
A12023,Luc •,LUCE,85
A12023,Ruff,RUFFIAN,72
A12023,Vncle,UNCLE,80
A12023,Franck,FRANCES,76
A12024,Thali,THALIARD,76
A12024,Antio,ANTIOCHUs,71
A12024,Dion,DIONYZA,72
A12024,Dyoniza,DIONYZA,71
A12024,Cle,CLEON,75
A12024,Thai,THAISA,80
A12024,M • Rshal,MARSHAL,85
A12024,1. Knight,KNIGHTS,80
A12024,Escan,ESCANES,83
A12024,2. Knight,KNIGHTS,80
A12024,3. Knight,KNIGHTS,80
A12024,Lychor,LYCHORIDA,80
A12024,Lycho,LYCHORIDA,71
A12024,Leon,CLEON,88
A12024,Mari,MARINA,80
A12024,Pirat. 1,PIRATES,71
A12024,Pirat. 3,PIRATES,71
A12024,Bawde,ABAWD,80
A12024,Pand,PANDER,80
A12024,Bawd,ABAWD,88
A12024,Boul •,BOULT,88
A12024,Dia,DIANA,75
A12024,G • Wer,GOWER,80
A12024,Ceri,CERIMON,72
A12074,Na,NAN,80
A12074,Na •,NAN,80
A12074,An,NAN,80
A12074,Mistris Corr,MISTRESS CORRECTION,70
A12078,Fele,FELECIA,72
A12078,Sus,suSAN,75
A12078,Spar,SPARK,88
A12078,Ruff,RUFFLE,80
A12078,Spa,SPARK,75
A12078,Flei,FELECIA,72
A12078,Na,NAN,80
A12078,From,FROMAGA,72
A12078,Mitti,MITTIMUS,76
A12131,Clo,CLOD,85
A12138,Giot,GIOTTO,80
A12138,Lodw,LODWICK,72
A12138,Fosc,FOSCARI,72
A12138,Dulc,DULCINO,72
A12138,Fosc ▪,FOSCARI,72
A12138,Dule,DUKE,75
A12138,Serv,SERVANT,72
A12138,Jacom,JACOMO,90
A12138,Iacomo,JACOMO,83
A12138,Cleon,CLEONA,90
A12138,Cleo,CLEONA,80
A12138,Astel,ASTELLA,83
A12138,Duk,DUKE,85
A12138,Iacom,JACOMO,72
A12138,Pier,PIERO,88
A12138,Cle •… Na,CLEONA,83
A12138,Lod,LORDS,75
A12138,Gitto,GIOTTO,90
A12138,Abb,ABBOT,75
A12141,Lau,LAURA,75
A12141,Danda,DANALO,72
A12141,Offi,OFFICER,72
A12141,Paz,PAZZI,75
A12145,Anto,ANTONIO,72
A12145,Vala,VALASCO,72
A12145,Die,DIEGO,75
A12145,Sfor,SFORZA,80
A12152,Gasp,GASPARO,72
A12152,Gorg,GORGON,80
A12152,Seli,SELINA,80
A12152,Del,DELIA,75
A12152,Inge,SINGER,80
A12152,Eccho,ECHO,88
A12154,Cos,COSMO,75
A12154,Duk,DUKE,85
A12154,Serv,SERVANT,72
A12154,Depazzi,PAZZI,83
A12154,Alon,ALONSO,80
A12154,Oria,ORIANA,80
A12154,Pie,PIERO,75
A12155,Isa,ISAAC,75
A12155,Keeper,GAMEKEEPER,75
A12155,Seruant,SERVANTS,80
A12155,Iane,JANE,75
A12155,Grati,GRATIANA,76
A12157,Whib,WHIBBLE,72
A12157,Worth,WORTHY,90
A12157,Cla,CLARE,75
A12157,Penel,PENELOPE,76
A12157,Serv,SERVANT,72
A12157,Tut,TUTOR,75
A12157,Man,MANLY,75
A12157,Manl,MANLY,88
A12157,Clar,CLARE,88
A12157,Fowl,FOWLER,80
A12548,Palsgraue,PALSGRAVE,88
A12548,Palgr,PALSGRAVE,71
A12548,Bastard,STEWARD,71
A12548,Palsgr,PALSGRAVE,80
A12548,Palsg,PALSGRAVE,71
A12548,Stew,STEWARD,72
A12548,Flora,FLORAMELL,71
A12548,Flor,LORD,75
A12548,Clynton,CLINTON,85
A12548,Clint,CLINTON,83
A12548,Mend,MENDOZA,72
A12548,Vand,VANDOME,72
A12548,Q. Poytiers,POITIERS,77
A12548,Seruant,SERVANT,85
A12548,Mendo,MENDOZA,83
A12548,Mendozze,MENDOZA,80
A12548,Floram,FLORAMELL,80
A12548,K. Clynton,CLINTON,75
A12548,Brandenb,BRANDENBURG,84
A12578,Loue,LOVE,75
A12578,Erast,ERASTUS,83
A12578,Messen,MESSENGER,80
A12578,Pist,PISTON,80
A12578,French-Man,FRENCH KNIGHT,75
A12578,Phylip,PHILIPPO,71
A12578,Luci,LuciINA,72
A12578,Amura,AMURATH,83
A12578,Amur,AMURATH,72
A12578,Perse,PERSEDA,83
A12578,Guelp,GUELPIO,83
A12578,Iulio,JULIO,80
A12578,Guel,GUELPIO,72
A12578,Philip,PHILIPPO,85
A12578,Philp,PHILIPPO,76
A12578,Fort,FORTUNE,72
A12578,Eras,ERASTUS,72
A12578,Marsh,MARSHAL,83
A12578,Capt,CAPTAIN,72
A12954,Maenan,MENANDER,71
A12954,Amil,AMILCAR,72
A12969,Cocke,COCK,88
A12969,Chal,CHAT,75
A13062,Vvat Tyler,WAT TYLER,84
A13062,Secretarie,SECRETARY,84
A13062,Queene Mother,QUEFN MOTHER,88
A13062,Biſhop,ARCHBISHOP,75
A13062,Wat Tiler,WAT TYLER,88
A13358,Seruingman,SERVINGMAN,90
A13358,Wil,WILL,85
A13358,Aurel,AURELIUS,76
A13358,Poli,POLIDOR,72
A13358,Alfon,ALFONSO,83
A13358,Feran,FERANDO,83
A13358,Valer,VALERIA,83
A13358,Vale,VALERIA,72
A13358,Emel,EMELIA,80
A13358,Taylor,TAILOR,83
A13384,Cvpid,CUPID,80
A13384,Chor,cHORwUs,72
A13384,Daph,DAPHNE,80
A13611,Dauus,DAVUS,80
A13611,Pamph,PAMPHILUS,71
A13611,Lesb,LESBIA,80
A13611,Glycer,GLYCERIE,85
A13611,Chre,CHREMES,72
A13611,Dro,DROMO,75
A13802,Albvmazar,ALBUMAZAR,88
A13802,Ronc,RONCA,88
A13802,Harp,HARPAX,80
A13802,Ron,RONCA,75
A13802,Cric,CRICCA,80
A13802,Trincala,TRINCALO,87
A13802,Trinc,TRINCALO,76
A13802,Lel,LELIO,75
A13804,Ling,LINGUA,80
A13804,Men,LUMEN,75
A13804,Ling ▪,LINGUA,80
A13804,Tact,TACTUuS,72
A13804,Com. Sen,COMMON SENSE,73
A13804,Lvmen,LUMEN,80
A13804,Coel,COERLUM,72
A13804,Boy,BOYS,85
A13804,Com Sen,COMMON SENSE,73
A13804,Mendat,MENDACIO,71
A13804,Menda,MENDACIO,76
A13804,Crap,CRAPULA,72
A13804,Somnvs,SOMNUS,83
A13804,"Com, Sen",COMMON SENSE,73
A13840,D'Amuille,AMVILLE,75
A13840,Rous,ROUSARD,72
A13840,Fres,FRESCO,80
A13840,Rousa,ROUSARD,83
A13840,Watch,WATCHMEN,76
A13840,Frisco,FRESCO,83
A13840,Frisc,FRESCO,72
A13840,Sebast,SEBASTIAN,80
A13840,Rusa,ROUSARD,72
A13840,Docto,DOCTOR,90
A13840,Snuff,sNUFFE,90
A13840,Iudges,JUDGES,83
A13840,Iudge,JUDGES,72
A13843,Vindi,VINDICE,83
A13843,Vind,VINDICE,72
A13843,Cast,CASTIZA,72
A13843,Pier,PIERO,88
A13843,1. Noble,NOBLES,76
A13843,2. Noble,NOBLES,76
A13843,Superv,SUPERVACUO,75
A13843,Keep,KEEPER,80
A13843,Iunio,JUNIOR,72
A13843,Iunior,JUNIOR,83
A13843,Gentle,GENTLEMEN,80
A13843,Spuri,SPURIO,90
A13843,Spur,SPURIO,80
A13843,Nobl,NOBLES,80
A13843,Pie,PIERO,75
A13843,Noble,NOBLES,90
A13843,Anto,ANTONIO,72
A13962,Sturdi,STURDINESS,75
A13962,Inclina,INCLINATION,77
A13962,Sturdi ▪,STURDINESS,75
A13962,Inclina ▪,INCLINATION,77
A13962,Truſte,TRUST,90
A13962,Truſte ▪,TRUST,90
A13962,Viſita,VISITATION,75
A13962,Inclin,INCLINATION,70
A14193,R. Roister,"ROISTER 
DOISTER",87
A14193,Trupeny,TRUEPENNY,87
A14193,Trupenie,TRUEPENNY,70
A14193,Trupen,TRUEPENNY,80
A14193,Scriuener,SCRIVENER,88
A14193,T. Trust,TRUSTY,76
A14193,Tib,TIBET,75
A14599,Sel,SELBY,75
A14599,Y. Sel,SELBY,80
A14599,Peg,PEGGY,75
A14599,Wall,WALLACE,72
A14599,Com,COMYN,75
A14599,Omn,COMYN,75
A14599,Per,PERCY,75
A14599,Grim,GRIMSBY,72
A14599,Elenor,ELINOR,83
A14599,Bru,BRUCE,75
A14599,Ellin,ELINOR,72
A14599,Sir Jef,SIR JEFFREY,77
A14599,Sir Jeff,SIR JEFFREY,84
A14599,Seb,SELBY,75
A14599,Mount,MOUNTFORD,71
A14599,Glaſ,GLASCOT,72
A14599,Doug,DOUGLAS,72
A14599,Bol,BOLT,85
A14599,Cliff,CLIFFORD,76
A14599,Coming,COMYN,72
A14625,Infideli Tie,INFIDELITY,81
A14625,Infide Litie,INFIDELITY,81
A14625,Cupiditi,CUPIDITY,87
A14625,Concu Piscence ▪,CARNAL CONCUPISCENCE,76
A14625,Pryde,PRIDE,80
A14625,Car. Con Cupisce ̄ Ce,CARNAL CONCUPISCENCE,73
A14625,Car. Con Cupiscece,CARNAL CONCUPISCENCE,86
A14625,Infideli ▪,INFIDELITY,88
A14625,Concu Piscence,CARNAL CONCUPISCENCE,76
A14625,Infideli,INFIDELITY,88
A14625,Carnall Concu,CARNAL CONCUPISCENCE,72
A14625,Infide,INFIDELITY,75
A14625,Concu Pisce ̄ Ce,CARNAL CONCUPISCENCE,70
A14625,Infi ••• Litie,INFIDELITY,70
A14625,Malicioꝰ Iugeme ̄ T,MALICIOUS JUDGEMENT,72
A14625,Malicioꝰ Iudge,MALICIOUS JUDGEMENT,72
A14625,Symon,SIMON,80
A14627,Vvorldly Man,WoRLDLY MAN,86
A14627,Temeritie,TEMERITY,82
A14627,Couetouſe,CcovETOUS,77
A14627,Inough,ENOUGH,83
A14627,Vorldly Man,WoRLDLY MAN,90
A14627,Vvordly Man,WoRLDLY MAN,81
A14627,Seruant,SERVANT,85
A14627,Phiſicion,PHYSICIAN,77
A14846,Good Cou ̄ Sell,GOOD COUNSEL,88
A14846,Iuuen Tus,JUVENTUS,70
A14846,Good Councell,GOOD COUNSEL,88
A14846,Know Lddge,KNOWLEDGE,84
A14846,Hipocry Sye,HYPOCRISY,70
A14846,Hipocri Sie,HYPOCRISY,70
A14846,Hipocri Sye,HYPOCRISY,80
A14846,Felow Shyp,FELLOWSHIP,80
A14846,Fellow Shyp,FELLOWSHIP,85
A14846,Felow Ship,FELLOWSHIP,90
A14846,Abhomi Nable Li Uyng,ABOMINABLE LIVING,70
A14846,Abhomi Nable Ly Uing,ABOMINABLE LIVING,75
A14846,Hipocri ▪,HYPOCRISY,75
A14846,Abbomi Nable Ly Uing,ABOMINABLE LIVING,75
A14846,Abbomi Nable Li Uing,ABOMINABLE LIVING,75
A14869,Leon,LEONORA,72
A14869,Erco,ERCOLE,80
A14869,Ercol,ERCOLE,90
A14869,Jolen,JOLENTA,83
A14869,Crisp,CRISPIANO,71
A14869,Jul,JULIO,75
A14869,Ario,ARIOSTO,72
A14869,Conti,CONTARINO,71
A14869,Contil,CONTILUPO,80
A14869,Contar,CONTARINO,80
A14869,Conta,CONTARINO,71
A14869,Iulio,JULIO,80
A14869,Prosp,PROSPERO,76
A14872,Del,DELIO,75
A14872,Carolia,CARIOLA,85
A14872,Old La,OLD LADY,85
A14872,Seruant,SERVANT,85
A14872,Cari,CARIOLA,72
A14872,Doct,DOCTOR,80
A14872,Eccho,ECHO,88
A14875,Gasp,GASPARO,72
A14875,Vitto,VITTORIA,76
A14875,Camil,CAMILLO,83
A14875,Car,CARLO,75
A14875,Ped,PEDRO,75
A14875,Y. Lord,YOUNG LORD,80
A15045.1,Phal,PHALLAX,72
A15045.1,Roſ,ROSKO,75
A15045.1,Row,ROWKE,75
A15045.2,Roſ,ROSKO,75
A15045.2,Phal,PHALLAX,72
A15045.2,The Kings Gentleman Vsher,GENTLEMAN USHER,75
A15045.2,Ros,ROSKO,75
A15045.2,Iohn,JOHN,75
A15045.2,Vlrico,ULRICO,83
A15045.2,Greſ,GRESCO,80
A15045.2,Poli,POLINA,80
A15352,Bart,BARTLEY,72
A15352,Went,WENTLOE,72
A15352,Clar,CLARE,88
A15352,Cla,CLARE,75
A15352,Baxt,BAXTER,80
A15352,Thom,THOMAS,80
A15352,Iohn,JOHN,75
A15352,Draw,DRAWERS,72
A15352,Grip,GRIPE,88
A15352,Gri,GRIPE,75
A15352,Sist,sisTER,80
A15352,S. Will,SIR WILLIAM,70
A15352,Sir Wil,SIR WILLIAM,77
A15352,Syr Willi ▪,SIR WILLIAM,80
A15352,Child,CHILDREN,76
A15352,Sir Will,SIR WILLIAM,84
A15498,Gismund,GISMOND,85
A15498,Tanc,TANCRED,72
A15498,Lucr,LUCRECE,72
A15515,Mercurie,MERCURY,80
A15515,Raph,RALPH,88
A15515,Rap,RALPH,75
A15515,Mar,MARS,85
A15515,Schol,SCHOLAR,83
A15515,Scholler,SCHOLAR,80
A15515,Courtier,PORTER,71
A15515,Scholl,SCHOLAR,76
A15515,Countrie Gentleman,COUNTRY GENTLEMAN,91
A15515,Contimpt,CONTEMPT,87
A15515,Melpomine,MELPOMENE,88
A15515,Melpom,MELPOMENE,80
A15515,Thal,THALIA,80
A15515,Eccho,ECHO,88
A15515,Eicho,ECHO,88
A15515,Melpo,MELPOMENE,71
A15515,Codr,CODRUS,80
A15515,Venus,EMNIUS,72
A15515,Follie,FOLLY,72
A15515,Duk,DUKE,85
A15515,Pris,PRIEST,80
A15515,Messen,MESSENGER,80
A15515,Zelot,ZELOTA,90
A15517,Wil,WILL,85
A15517,Weal,WEALTH,80
A15517,Frau,FRAUD,88
A15517,Simo,SIMONY,80
A15517,Fra,FRAUD,75
A15517,Falsh,FALSEHOOD,71
A15517,Ho. Indust,HONEST INDUSTRY,75
A15517,P.Zeal,PURE ZEAL,80
A15517,Sincer,SINCERITY,80
A15517,Feal,FEALTY,80
A15517,Const,CONSTABLE,71
A15517,Shea,SHEALTY,72
A15517,Sheal,SHEALTY,83
A15519,Merca,MERCADORE,71
A15519,Sincer,SINCERITY,80
A15519,Geron,GERONTUS,76
A15519,Bedle,BEADLE,90
A15519,Clarke,CLERK,72
A15549,Will. Cr,WILL CRICKET,73
A15549,Will. Cric,WILL CRICKET,85
A15549,Pegge,PEG,75
A15549,Chur,CHURMS,80
A15549,Syluanus,SYLVANUS,87
A15549,Fortunat,FORTUNATUS,88
A15549,Clearke,CLERK,83
A15549,Cleark,CLERK,90
A15676,Acut,ACUTUS,80
A15676,Boſſ,BOS,85
A15676,Bo,BOS,80
A15676,Boſſe,BOS,75
A15676,Accut,ACUTUS,72
A15676,Teren,TERENTIA,76
A15676,Terent,TERENTIA,85
A15676,Draw,DRAWER,80
A15676,Cornu,CORNUTUS,76
A15676,Gracc,GRACCHUS,76
A15676,Conſt,CONSTABLE,71
A15676,Caeſ,CAESAR,80
A15707,Dagg,DAGGER,80
A15707,Sworde,SWORD,90
A15814,Mer,MERRY,75
A15814,Rach,RACHEL,80
A15814,Sostr,SOSTRATA,76
A15814,Pand,PANDINO,72
A15814,Be • Ch,BEECH,80
A15814,Wil,WILL,85
A15814,Alle,ALLENSO,72
A15814,Allen,ALLENSO,83
A15814,Allen •,ALLENSO,83
A15814,Mai,MAID,85
A15814,Lon,LONEY,75
A15814,Ma,MAN,80
A15814,1. Ruffin,RUFFIANS,75
A15814,Alen,ALLENSO,72
A15814,Alber,ALBERTO,83
A15814,Salt,SALTER,80
A15814,Tru,TRUTH,75
A15873,Invent,INVENTION,80
A15873,Inven,INVENTION,71
A15873,Distin,DISTINCTION,70
A15873,Ambig,AMBIGUITY,71
A15873,Distinct,DISTINCTION,84
A15873,Distinc,DISTINCTION,77
A15873,Ambigu,AMBIGUITY,80
A15873,Descrip,DESCRIPTION,77
A15979,Iustice,JUSTICE,85
A15979,Iniury,INJURY,83
A15979,Diuisy On,DIVISION,70
A15979,Diuisio ̄,DIVISION,80
A16527.1,Ptol,PTOLEMY,72
A16527.1,Meleag,MELEAGER,85
A16527.1,Perdi,PERDICCAS,71
A16527.1,Antig,ANTIGONUS,71
A16527.1,Phoc,PHOCION,72
A16527.1,Ariſt,ARISTOTLE,71
A16527.1,Seleuc,spELEUCUS,80
A16527.3,Iuno,JUNO,75
A16527.3,Caeſ,CAESAR,80
A16527.3,Brut,BRUTUS,80
A16527.3,Port,PORTIA,80
A16527.3,Chor,CHORUS,80
A16527.3,Anton,ANTONIUS,76
A16564.1,Aeſope,ABSOP,72
A16564.1,Adraſt,ADRASTUS,85
A16564.1,Atis,ATYS,75
A16564.1,Chor,CHORUS,80
A16564.1,Adrast,ADRASTUS,85
A16564.1,Cyrus,CHORUS,72
A16564.2,Stat. Vir,STATIRA,80
A16900,Sent,SENTLOE,72
A16900,Douce,BOUCE,80
A16900,Keep,KEEPER,80
A16924,Widg,wiDGEON,72
A16924,Cle,CLERK,75
A16924,Vex,VEXEM,75
A16924,Hold,HOLDUP,80
A16924,Fitc,FITCHEW,72
A17460,Land,LADY,75
A17460,Doril,DORILUS,83
A17460,Smirke,SMIRK,90
A17460,Call,CALLow,80
A17460,Smi,SMIRK,75
A17460,Smir,SMIRK,88
A17460,Dori,DORIGEN,72
A17460,Spir,SPIRIT,80
A17460,Iudge,JUDGES,72
A17460,Clarke,CLERK,72
A17460,Frede,FREDERICK,71
A17460,Caro,CAROLUS,72
A17460,Doct,DOCTOR,80
A17460,Attend,ATTENDANTS,75
A17460,Groome,GROOMS,83
A17460,Groo,GROOMS,80
A17460,Ranof,RANOFF,90
A17871,Flor,FLORA,88
A17871,Flo,FLORA,75
A17879.1,Cynick,CYNIC,90
A17879.1,Trauell,TRAVELLER,75
A17879.1,Cyn,CYNIC,75
A17879.1,Traueller,TRAVELLER,88
A17879.1,Gardiner,GARDENER,87
A17879.1,Silvanvs,SYLVANUS,75
A17879.2,Orphevs,ORPHEUS,85
A17879.2,Orph,ORPHEUS,72
A17879.2,Enth,ENTHEUS,72
A17879.2,Eutheus,ENTHEUS,85
A17968,Mari,MARIANA,72
A17968,Tran,UTRANTE,72
A17968,Huntſ,HUNTSMEN,76
A17968,Lyſan,LysANDER,76
A17968,Clarin,CLARINDA,85
A18400,Mar,MARY,85
A18400,Marc,MARY,75
A18404.1,Hen,HENRY,75
A18404.1,Rois,ROISEAU,72
A18404.1,Alber,ALBERT,90
A18404.1,Henr,HENRY,88
A18404.1,Labross,BROSSE,76
A18404.2,Hen,HENRY,75
A18404.2,Cup,CUPID,75
A18404.2,La Brun,BRUNEL,76
A18404.2,Ianin,JANIN,80
A18404.2,Pral,PRALIN,80
A18404.2,Montig,MONTIGNY,85
A18404.2,Fleu,FLEURY,80
A18404.2,Harl,HARLAY,80
A18404.2,Sist,sIsTER,80
A18404.2,Soldi,SOLDIERS,76
A18407,Gold,GOLDING,72
A18407,Pold,POLDAVY,72
A18407,Sir Petro,SIR PETRONEL,85
A18407,Sir Pet,SIR PETRONEL,73
A18407,Miſtris Touch,MISTRESS TOUCHSTONE,75
A18407,Milared,MILDRED,85
A18407,Quickeſiluer,QUICKSILVER,86
A18407,Securitie,sECURITY,82
A18407,Secur,sECURITY,76
A18407,Bram,BRAMBLE,72
A18407,Coach,COACHMAN,76
A18407,Gaz,GAZER,75
A18407,Petronell,SIR PETRONEL,76
A18407,Draw,DRAWER,80
A18407,Spend,SPENDALL,76
A18407,Slit,SLITGUT,72
A18407,Mild,MILDRED,72
A18407,Conſta,CONSTABLE,80
A18407,Conſt,CONSTABLE,71
A18407,Mistris Touch,MISTRESS TOUCHSTONE,75
A18407,Mistris. Touch,MISTRESS TOUCHSTONE,75
A18407,Miſtris. Touch,MISTRESS TOUCHSTONE,75
A18407,Frien,FRIEND,90
A18407,Frie,FRIEND,80
A18407,Frin,FRIEND,80
A18415,Gasp,GASPARO,72
A18415,Aemi,AEMILIA,72
A18415,Giac,GIACONO,72
A18415,Fann,FANNIO,80
A18415,Aure,AURELIO,72
A18415,Hono,HONORIO,72
A18415,Draw,DRAWER,80
A18415,Amil,AEMILIA,72
A18421,Rene,RENEL,88
A18421,Ren,RENEL,75
A18421,Tamy,TAMYRA,80
A18421,Chal,CHALON,80
A18421,Messen,MESSENGER,80
A18421,Charl,CHALON,72
A18421,Maill,MAILLARD,76
A18423,Simp,siMPLO,80
A18423,Nover,NOVERINDO,71
A18423,Anto,ANTONIO,72
A18423,Secu,sECURUS,72
A18423,Rust,RUSTICO,72
A18423,Hort,HORTANO,72
A18423,Spur ▪,sPuRCO,80
A18423,Sper ▪,sPERATO,72
A18423,Gula,GULATO,80
A18423,Insati,INSATIATO,80
A18423,Infael,INFAELICTO,75
A18423,Insat,INSATIATO,71
A18423,Sper,sPERATO,72
A18423,Spur,sPuRCO,80
A18423,Mure,MURETO,80
A18423,Susan,SUSANNA,83
A18423,Susa,SUSANNA,72
A18423,Corra,CORRASO,83
A18423,Pestif,PESTIFERO,80
A18425,Cat,CATO,85
A18425,Porc,PORCIUS,72
A18425,Caeſ,CAESAR,80
A18425,Pomp,POMPEY,80
A18425,Fron,FRONTO,80
A18425,Acil,ACILIUS,72
A18425,Theſſ,THESSALY,76
A18425,Thra,THRACE,80
A18425,Maſt,MASTER,80
A18425,Pag,PAGES,75
A18426,Lysand,LYSANDER,85
A18426,Cynth,CYNTHIA,83
A18426,Hiar,HIARBAS,72
A18426,Arg,ARGUS,75
A18426,Hyl,HYLUS,75
A18426,Ars,ARGUS,75
A18426,Arsa,ARSACE,80
A18426,Thars,THARSALIO,71
A18426,Sthe,STHENIA,72
A18426,Iant,IANTHBE,72
A18426,Clin,CLINIAS,72
A18426,Lysan,LYSANDER,76
A18426,Laod,LAODICE,72
A18589,Rvmor,RUMOUR,72
A18589,Plentie,PLENTY,76
A18589,Loue,LOVE,75
A18596,Hoff,HOFFMAN,72
A18596,Lor,LORDS,75
A18596,Ierom,JEROME,72
A18596,Lod,LORDS,75
A18596,Silt,sTILT,88
A18596,Stils,sTILT,80
A18596,Lord,LORDS,88
A19182,Post,HOST,75
A19182,Vertue,VIRTUE,83
A19182,Chamberl,CHAMBERLAIN,84
A19182,Mon,MONEY,75
A19182,Mony,MONEY,88
A19182,Court,COURTIER,76
A19182,Equit,EQUITY,90
A19182,Iudge,JUDGE,80
A19182,Clerk,CLERKS,90
A19182,Cryer,CRIER,80
A19183,Ansel,ANSELM,90
A19183,Bra,BRABO,75
A19183,Mayd,MARY,75
A19183,Amina,AMINADAB,76
A19183,Spl,spLAY,75
A19260,Gerald,GERALDINE,80
A19260,Spend,SPENDALL,76
A19260,Sir Lion,SIR LIONEL,88
A19260,Bla,BLANK,75
A19260,Sweat,SWEATMAN,76
A19260,Tickle,TICKLEMAN,80
A19260,Tickl •,TICKLEMAN,71
A19260,Seruant,sERVANT,85
A19260,Sprin,SPRINKLE,76
A19260,Bubb,BUBBLE,80
A19260,Scatterg,sCATTERGOOD,84
A19260,Spend ▪,SPENDALL,76
A19260,Sweat ▪,SWEATMAN,76
A19260,Hold,OLD,85
A19260,Lodg,LODGE,88
A19260,Phillis,PHYLLIS,85
A19260,Geral,GERALDINE,71
A19260,Spend. & Sta,SPENDALL,70
A19260,Basket,BASKETHILT,75
A19738,Araſ,ARASPAS,72
A19750,Iulio,TULIO,80
A19750,Julio,TULIO,80
A19750,Stultiſ,sTULTISSIMO,77
A19750,Toma,TOMASO,80
A19750,Arba,ARBACES,72
A19750,Phem,PHEMONE,72
A19750,Sheph,SHEPHERD,76
A19750,Anto,ANTONIO,72
A19750,Clark,CLERK,80
A19750,Anton,ANTONIO,83
A19750,Duk,DUKE,85
A19750,Jullio,TULIO,72
A19755,Amor,AMORPHO,72
A19755,Que,QUEEN,75
A19755,Amorp,AMORPHO,83
A19757,Gism,GISMUND,72
A19757,Sail,SAILOR,80
A19757,Lem,LEMOT,75
A19757,Aliz,ALIZIA,80
A19757,Davi,DAVY,75
A19757,War,WARD,85
A19757,Gallip,GALLOP,83
A19757,Gall,GALLOP,80
A19757,Sailers,SAILORS,85
A19757,Sar,SARES,75
A19757,Voad,VOADA,88
A19757,1. Son,FIRST SON,75
A19757,2. Son,FIRST SON,75
A19757,Alb. Ferd,ALBERT,71
A19757,Cros,CROSMAN,72
A19757,Frans,FRANCISCO,71
A19757,Rabsh,RABSHAKE,76
A19757,Mul,MULY,85
A19757,Gover,GOVERNOR,76
A19757,Surg,SURGEON,72
A19816.1,Caes,CAESAR,80
A19816.1,Arius,AREIUS,90
A19816.1,Seleu,SELEUCUS,76
A19816.1,Chor,CHORUS,80
A19829,Hym,HYMEN,75
A19829,Auarice,AVARICE,85
A19829,Iealousie,JEALOUSY,70
A19829,Lia,LYDIA,75
A19835,Col,COLAX,75
A19835,Daph,DAPHNE,80
A19835,Tech,TECHNE,80
A19876,F Orest,FORESTE,85
A19876,Foreſ,FORESTE,83
A19876,Dorid,DORIDO,90
A19876,Monke,MONK,88
A19876,Monks,MONK,88
A19876,Lotha,LOTHARIO,76
A19876,Coſ,CORSA,75
A19876,Cos,CORSA,75
A19876,Fores,FORESTE,83
A19876,Luin,LUINNA,80
A19876,Lucin,LUINNA,72
A19876,Cor,CORSA,75
A19876,Duar,DUARTE,80
A19877,Meruolle,MERVOLLE,87
A19877,Alta,ALTEZA,80
A19877,Alte,ALTEZA,80
A19877,Altera,ALTEZA,83
A19877,Scioeto,SCIOLTO,85
A19877,Sciol • O,SCIOLTO,71
A19877,Nienie,NIENTE,83
A19877,Florel,FLORELLO,85
A19877,Charin,CHARINTHA,80
A19877,Seiolto,SCIOLTO,85
A19877,Scio,SCIOLTO,72
A19877,Punt •,PUNTO,88
A19877,Florellll,FLORELLO,82
A19877,Sciol ••,SCIOLTO,83
A19877,Flor • Llo,FLORELLO,87
A19881,Grimo,GRIMOLD,83
A19881,Parad,PARADINE,76
A19881,Gondib,GONDIBERT,80
A19881,Grim,GRIMOLD,72
A19881,Gouernour,GOVERNOR,82
A19881,Gouern,GOVERNOR,71
A19881,Vollter,VOLTERRI,80
A19881,Conr,CONRAD,80
A19881,Hermeg,HERMEGILD,80
A19881,Theſi,THESINA,83
A19881,Theſ,THESINA,72
A19881,Gentlem,GENTLEMAN,87
A19881,Frol,FROLLO,80
A19881,Gouernor,GOVERNOR,87
A19888,An,NAN,80
A19888,Husb,HUSBAND,72
A19888,Iohn,JOHN,75
A19975,Octa,OCTAVIO,72
A19975,Hort,HORTENS,72
A19975,Herm,HERMIA,80
A19975,Lord,LORDs,88
A19976,Baſil,BASILIUS,76
A19976,Dame,DAMETAS,72
A19976,Manaſ,MANASSES,76
A19976,Amin,AMINTOR,72
A19976,Iulio,JULIO,80
A19976,Gyne,GYNECIA,72
A19976,Hippol,HIPPOLITA,80
A19976,Demet,DEMETRIUS,71
A19976,Damet,DAMETAS,83
A19976,Juli,JULIO,88
A19976,Jui,JULIO,75
A19976,Manaſs,MANASSES,85
A19976,Amint,AMINTOR,83
A19976,Liſand,LYSANDER,71
A19976,Hippo,HIPPOLITA,71
A19977,Lur,LuRDO,75
A19977,Jul,JULIO,75
A19977,Pag,PAGES,75
A19977,Page,PAGES,88
A20062,Math,MATHEO,80
A20062,Mathew,MATHEO,83
A20062,Fust,FUSTIGO,72
A20062,Vio,VIOLA,75
A20062,1. Prentise,PRENTICES,73
A20062,2. Prentise,PRENTICES,73
A20062,Geor,GEORGE,80
A20062,Cand,CANDIDO,72
A20062,Ma,MAN,80
A20062,Rog,ROGER,75
A20062,Cram,CRAMBO,80
A20062,Cramb,CRAMBO,90
A20062,Duk,DUKE,85
A20062,Ansel,ANSELMO,83
A20065,Lodouico,LODOVICO,87
A20065,Bryan,BRIAN,80
A20065,Caro,CAROLO,80
A20065,Asto,ASTOLFO,72
A20065,Orla,ORLANDO,72
A20065,Cand,CANDIDO,72
A20065,Math,MATHEO,80
A20065,Seruant,SERVANT,85
A20065,Boss,BOTS,75
A20065,Const,CONSTABLE,71
A20065,1. Master,MASTERS,80
A20066,Char,CHARON,80
A20066,Ruff,RUFFMAN,72
A20066,Bris,BRISCO,80
A20066,Alph,ALPHEGE,72
A20066,Pri,PRIOR,75
A20066,Sold,SOLDIER,72
A20066,Scho,SCHOLAR,72
A20066,Bra,BRAVO,75
A20066,Car,CARLO,75
A20066,Ruff ▪,RUFFMAN,72
A20066,Cal,CARLO,75
A20066,Spir,SPIRIT,80
A20066,Aeac,AEACUS,80
A20076,Eccho,ECHO,88
A20076,Fort,FORTUNE,72
A20076,Fortu,FORTUNE,83
A20076,Fortunat,FORTUNATUS,88
A20076,1. King,KINGS,72
A20076,Andelo,ANDELOCIA,80
A20076,Shad,SHADOW,80
A20076,Andel,ANDELOCIA,71
A20076,Ampe,AMPEDO,80
A20076,Amped,AMPEDO,90
A20076,Vertue,VIRTUE,83
A20076,Orle,ORLEANS,72
A20076,Agrip,AGRIPPINE,71
A20076,Cornew,CORNWALL,71
A20076,Cornw,CORNWALL,76
A20076,Chest,CHESTER,83
A20076,Gallow,GALLOWAY,85
A20076,Athelst,ATHELSTAN,87
A20076,Montr,MONTROSE,76
A20077,Lepi,LEPIDO,80
A20077,Mar,MARIO,75
A20077,Emu,EMULO,75
A20077,Sir O,SIR OWEN,76
A20077,S. Own,SIR OWEN,76
A20077,Sir. O,SIR OWEN,76
A20077,S. Owe,SIR OWEN,76
A20077,Fur,FURIO,75
A20077,Mari,MARIO,88
A20077,Farn,FARNESE,72
A20081,Sir Quin,SIR QUINTILIAN,72
A20081,Sir Quint,SIR QUINTILIAN,78
A20081,Sir Vaughen,SIR VAUGHAN,90
A20081,Sir Vaug,SIR VAUGHAN,84
A20081,Fla,FLASH,75
A20081,Teri,TERRILL,72
A20081,Sir Vau,SIR VAUGHAN,77
A20081,Asini,ASINIUS,83
A20081,Asin,ASINIUS,72
A20081,Blun,BLUNT,88
A20081,Blu,BLUNT,75
A20081,Sir Quinti,SIR QUINTILIAN,83
A20081,Sir Ad,SIR ADAM,85
A20081,Sir Vaugh,SIR VAUGHAN,90
A20081,Sir Van,SIR VAUGHAN,77
A20081,Mini,MINIVER,72
A20081,Sir Va •,SIR ADAM,71
A20081,Philoca,PHILOCALIA,82
A20081,Dica,DICACHE,72
A20081,Petu,PETULA,80
A20081,Sir Va,SIR ADAM,71
A20081,Sir Ad • M,SIR ADAM,87
A20081,S •• Vaugh,SIR VAUGHAN,77
A20081,Si • Vau,SIR VAUGHAN,70
A20081,Ser,SEWER,75
A20092,1. King,FIRST KING,80
A20092,2. King,FIRST KING,80
A20092,3. King,FIRST KING,80
A20092,Tita,TITANIA,72
A20092,Titan,TITANIA,83
A20092,4. Foo •… Men,FOOTMEN,75
A20092,Fidel,FIDELI,90
A20092,Aur,AURA,85
A20092,Elfi,ELFIRON,72
A20092,3. King ▪,FIRST KING,80
A20092,Camp •… Ius,CAMPEILUS,82
A20092,Campcius,CAMPEILUS,82
A20092,Coniur,CONJURER,71
A20092,1 King,FIRST KING,80
A20092,Rop,ROPUS,75
A20092,Com,COMO,85
A20092,Palm,PALMIO,80
A20092,Ragaz,RAGGAZONI,71
A20092,Tim,TIME,85
A20092,Tita ▪,TITANIA,72
A20092,2 King,FIRST KING,80
A20093,Car,CARGO,75
A20093,Pis,PISA,85
A20093,Dari,DARIENE,72
A20093,Pier,PIERO,88
A20093,Pie,PIERO,75
A20093,Carg,CARGO,88
A20093,Stew,STEWARD,72
A20093,Mut,MUTIO,75
A20093,Nurs,NURSE,88
A20093,Caego,CARGO,80
A20093,Broth,BROTHER,83
A20093,Fia,FRIAR,75
A20093,Brok,BROKER,80
A20093,Ser,USHER,75
A20093,Golds,GOLDSMITH,71
A20093,Tibal,TIBALDO,83
A20093,Darie,DARIENE,83
A20093,Dare,DARIENE,72
A20093,Fryar,FRIAR,80
A20098,Bella,BELLAMONT,71
A20098,Ma,MAN,80
A20098,Phil,PHILIP,80
A20098,Chart,CHARTLEY,76
A20098,Draw,DRAWER,80
A20098,Prent,PRENTICE,76
A20098,Horn,HORNET,80
A20098,Dol,DOLL,85
A20098,H • Ns,HANS,75
A20098,Harn,HANS,75
A20098,Han,HANS,85
A20098,Dol ▪,DOLL,85
A20098,Squir,SQUIRREL,76
A20098,Baud,BAWD,75
A20098,Kat,KATE,85
A20098,Hostice,HOSTESS,71
A20098,Host,HOSTESS,72
A20098,Host ▪,HOSTESS,72
A20100,Taylour,TAILOR,76
A20100,Taylor,TAILOR,83
A20100,Prent,PRENTICE,76
A20100,Tenter,TENTERHOOK,75
A20100,Mol,MOLL,85
A20100,Earl,BARL,75
A20100,Whirl,WHIRLPOOL,71
A20100,Mab,MABEL,75
A20100,Cla,CLARE,75
A20100,Clar,CLARE,88
A20100,Monop,MONOPOLY,76
A20866,Cran,CRANMER,72
A20866,Bonn ▪,BONNER,80
A20866,Bonn,BONNER,80
A20866,Bert,BERTIE,80
A20866,Berty,BERTIE,72
A20866,Arun,ARUNDEL,72
A20866,Gard,GUARDS,80
A20866,Clu,CLUNY,75
A20866,Gard ▪,GUARDS,80
A20866,Clu ▪,CLUNY,75
A20866,Cran ▪,CRANMER,72
A20866,Clunie,CLUNY,72
A20866,Cranw,CRANWELL,76
A20866,Messen,MESSENGER,80
A20866,Craenw,CRANWELL,71
A20866,Consta,CONSTABLE,80
A20866,Consta ▪,CONSTABLE,80
A20866,Lati,LATIMER,72
A20866,Cranm,CRANMER,83
A20866,Atkin,ATKINSON,76
A20866,Keep,KEEPER,80
A20866,Grind,GRINDAL,83
A20866,Story,STOREY,90
A20866,Scory,STOREY,72
A20866,Offic,OFFICERS,76
A20866,Admi,ADMIRAL,72
A20866,Huns,HUNSDON,72
A20866,Hunsd,HUNSDON,83
A20867,Twed,TWEEDLE,72
A20867,Sir Ed,SIR EDWARD,75
A20867,Foole,FOOL,88
A20867,Sir. Ed,SIR EDWARD,75
A20867,Came,CAMELIA,72
A20867,Kathe,KATHERINE,71
A20867,Flawn,FLAWNE,90
A20867,Winif,WINIFRED,76
A20867,Camel,CAMELIA,83
A20867,Plan,PLANET,80
A20867,Page. 1,"PAGE
MISTRESS 
BRABANT",80
A20867,Pas,PAGES,75
A20951,Ard,ARDEN,75
A20951,Michael,MICHABL,85
A20951,Michaell,MICHABL,80
A20951,Clark,CLARKE,90
A20951,Gren,GREENE,80
A20951,Mich,MICHABL,72
A20951,Prentise,PRENTICE,87
A20951,Shake,SHAKEBAG,76
A20951,Grene,GREENE,90
A20951,Rede,reEDE,88
A20951,Ale,ALICE,75
A21136,Cor,COREB,75
A21136,Har,HARRY,75
A21136,Sir Moun,SIR JOHN,75
A21136,Bil,BILBO,75
A21136,Sir Io,SIR JOHN,71
A21136,Bank,BANKS,88
A21136,Ban,BANKS,75
A21136,Milli,MILLICENT,71
A21136,Sir. Ar,SIR ARTHUR,75
A21136,Fra,FRANK,75
A21136,Sir Ar,SIR ARTHUR,75
A21136,Sir Ra,SIR RALPH,80
A21136,Fran,FRANK,88
A21136,Sir Ioh,SIR JOHN,80
A21136,Bri,BRIAN,75
A21136,Raph,RALPH,88
A21136,Sir Rap,SIR RALPH,87
A21136,Prie,PRIEST,80
A21136,Mille,MILLICENT,71
A21136,Sir Arth,SIR ARTHUR,88
A21144,Count,COUNTESS,76
A21144,Cont,SCOT,75
A21144,King Iohn,XING JOHN,77
A21144,Per,PERCY,75
A21159,Aristippvs,ARISTIPPUS,90
A21159,Carisophvs,CARISOPHUS,90
A21159,Pithias,PYTHIAS,85
A21159,Arirtippvs,ARISTIPPUS,80
A21159,Dyonysivs,DIONYSIUS,77
A21159,Gronoo,GROANO,83
A21159,Dionys,DIONYSIUS,80
A21159,Dionysivs,DIONYSIUS,88
A21159,Dionisivs,DIONYSIUS,77
A21159,Dionis,DIONYSIUS,80
A21159,Gronno,GROANO,83
A21159,Garisoph,CARISOPHUS,77
A21159,Carisph,CARISOPHUS,82
A21159,Carysophvs,CARISOPHUS,80
A21159,Carysoph,CARISOPHUS,77
A21159,Carisoph,CARISOPHUS,88
A21159,Grimme,GRIM,80
A21159,Acke,JACK,75
A21159,Grimme ▪,GRIM,80
A21159,Aristip,ARISTIPPUS,82
A21159,Mvses,MUSES,80
A21159,Grono,GROANO,90
A21246.1,Iſab,ISABEL,80
A21246.2,Niſ,NISA,85
A21328,Lubek,LUBECK,90
A21328,Manuile,MANVILE,85
A21328,Trot,TROTTER,72
A21328,Monntney,MOUNTNEY,87
A21328,Blaunch,BLANCHE,85
A21328,Blannch,BLANCHE,85
A21328,Messen,MESSENGER,80
A21328,Valingf,VALINGFORD,82
A21328,Validgford,VALINGFORD,90
A21328,Rocilia,ROSILIO,71
A21328,Souldier,SOLDIERS,87
A21328,Elner,ELINOR,72
A21328,Embassador,AMBASSADOR,90
A21328,Valing,VALINGFORD,75
A21411,Maide,MAID,88
A21411,Hum,HUMIL,75
A21411,Iames,JAMES,80
A21411,Filb,FILBON,80
A21411,Mar,MARY,85
A21411,Tabit,TABITHA,83
A21411,S. Will,SIR WILLIAM,70
A21411,Tabi,TABITHA,72
A21411,Humyl,HUMIL,80
A21411,Ladie,LADIES,90
A21411,Tabithe,TABITHA,85
A21411,S. Rafe,SIR RAFE,85
A21411,S. Kafe,SIR RAFE,71
A21411,Sir Wil,SIR WILLIAM,77
A21411,Mes,JAMES,75
A21411,Nurs,NURSE,88
A21411,Iohn,JOHN,75
A21411,Sir. Wil,SIR WILLIAM,77
A21411,S. Raf,SIR RAFE,76
A21411,Seruant,SERVANTS,80
A21411,S Raf,SIR RAFE,76
A21411,Gentle,GENTLEMAN,80
A21411,S. William,SIR WILLIAM,90
A68191,Flaund,FLANDERS,71
A68191,Phil,PHILIP,80
A68191,Burb,BOURBON,72
A68191,Pet,PETER,75
A68191,Fiſher,FISHERMAN,80
A68191,Fland,FLANDERS,76
A68278.1,K. John,KING JOHN,80
A68278.1,Chattilion,CHATILLON,84
A68278.1,Chatilion,CHATILLON,88
A68278.1,Q. Elianor,ELEANOR,75
A68278.1,Elianor,ELEANOR,85
A68278.1,Q Elianor,ELEANOR,75
A68278.1,Elinor,ELEANOR,76
A68278.1,Lymoges,LIMOGEs,85
A68278.1,K Philip,KING PHILIP,85
A68278.1,K. Phil,KING PHILIP,70
A68278.1,K. Philip,KING PHILIP,85
A68278.1,Eng. Herold,ENGLISH HERALD,75
A68278.1,Fr. Herold,FRENCH HERALD,72
A68278.1,Iohn. Philip,KING PHILIP,81
A68278.1,Conſt,CONSTANCE,71
A68278.1,Frier,FRIARS,72
A68278.1,Pembrook,PEMBROKE,87
A68468,Prim,PRIMERO,72
A68468,Nouice,NOVICE,83
A68468,Goldſt,GOLDSTONE,80
A68468,Purſn,PURSENET,76
A68468,Taylb,TAILBY,72
A68468,Goldst,GOLDSTONE,80
A68468,Bung,BUNGLER,72
A68468,Goldſt ▪,GOLDSTONE,80
A68468,Ful,FULK,85
A68468,Draw,DRAWERS,72
A68468,Talb,TAILBY,80
A68468,Bung ▪,BUNGLER,72
A68468,Bungl,BUNGLER,83
A68468,Piam,PIAMONT,72
A68468,Kathe,KATHERINE,71
A68683,Vaſt,vASTER,80
A68683,Vast,vASTER,80
A68683,Marm,MARMAID,72
A68683,Curf,CURFEW,80
A68683,Valen,VALENTINE,71
A68683,Grip,GRIPE,88
A68683,Nic,NICE,85
A68683,Thir,THIRSTY,72
A68683,Ann,ANNE,85
A68683,Valent,VALENTINE,80
A68683,Griff,GRIFFIN,83
A68683,Brom,BROMLEY,72
A68683,Grif,GRIFFIN,72
A68683,Brac,BRACE,88
A68683,Bra,BRACE,75
A68683,Clark,CLERK,80
A68683,Clarke,CLERK,72
A68726,Longauill,LONGUEVILLE,80
A68726,Duma,DUMAINE,72
A68726,Conſtab,COSTARD,71
A68726,Coſt,COSTARD,72
A68726,Boy,BOYET,75
A68726,Arma,aRMADO,80
A68726,Prince,PRINCESS,85
A68726,Princ,PRINCESS,76
A68726,Kather,KATHERINE,80
A68726,Mar,MARIA,75
A68726,Dul,DULL,85
A68726,Iaquenetta,JAQUENETTA,90
A68726,Rosal,ROSALINE,76
A68726,Duman,DUMAINE,83
A68726,Boye,BOYET,88
A68726,Roſal,ROSALINE,76
A68726,Mari,MARIA,88
A68918,Philologus,THEOLOGUS,73
A68918,Hypocrisie,HYPOCRISY,84
A68918,Auarice,AVARICE,85
A68918,Hypocriſie,HYPOCRISY,84
A68918,Tiranny,TYRANNY,85
A68918,Hypoctiſie,HYPOCRISY,73
A68918,Hypocryſie,HYPOCRISY,73
A68918,Hypoc • Iſie,HYPOCRISY,73
A68918,Tirranny,TYRANNY,80
A68918,Cacon,CACONOS,83
A68918,Gisbartus,GISBERTUS,88
A68931,Hum,HUME,85
A68931,Card,CADE,75
A68931,Salſb,scALEs,72
A68931,Yorke,YORK,88
A68931,Elnor,ELEANOR,83
A68931,Meſſen,MESSENGER,80
A68931,Suff,suFFOLK,72
A68931,Pirit,SPIRIT,90
A68931,Pirite,SPIRIT,83
A68931,Woman,MAN,75
A68931,Salſ,scALEs,80
A68931,1 Neighbor,NEIGHBOURS,80
A68931,1 Prentiſe,PRENTICES,73
A68931,Salsb,scALEs,72
A68931,Shiriffe,SHERIFF,80
A68931,Standly,sTANLEY,85
A68931,Sals,scALEs,80
A68931,Suff ▪,suFFOLK,72
A68931,Staff,sTAFFORD,76
A68931,Reade,BEADLE,72
A68931,L. Scayles,scALEs,80
A68931,1 Cutizen,CITIZENS,70
A68931,Yong Clif,YOUNG CLIFFORD,78
A68931,Rich,RICHARD,72
A72473.10,Print,PRINTER,83
A72473.10,Prin,PRINTER,72
A72473.10,Fact,FACTOR,80
A72473.11,Patr,PATRICO,72
A72473.11,Jack,JACKMAN,72
A72473.12,Not,NOTCH,75
A72473.12,Slvg,SLUG,75
A72473.12,Linvs,LINUS,80
A72473.12,Orphevs,ORPHEUS,85
A72473.12,Branchvs,BRANCHUS,87
A72473.12,Chorvs,CHORUS,83
A72473.15,Nymph I,NYMPHS,76
A72473.15,Nymph Ii,NYMPHS,71
A72473.15,Cho,ECHO,85
A72473.16,Cap. Coxe,CAPTAIN COX,73
A72473.5,Gamb,GAMBOL,80
A72473.5,Christ,CHRISTMAS,80
A72473.5,Nevv-Yeer,NEW YEAR,70
A72473.5,Cvpid,CUPID,80
A72473.9,Eva,EVAN,85
